Date,Open,High,Low,Close,Adj Close,Volume
2016-12-02,219.669998,220.25,219.259995,219.679993,200.582916,74840300
2016-12-05,220.649994,221.399994,220.419998,221,201.788193,67837800
2016-12-06,221.220001,221.740005,220.660004,221.699997,202.427322,59877400
2016-12-07,221.520004,224.669998,221.380005,224.600006,205.075256,110738100
2016-12-08,224.570007,225.699997,224.259995,225.149994,205.577393,99714400
2016-12-09,225.410004,226.529999,225.369995,226.509995,206.819168,88005800
2016-12-12,226.399994,226.960007,225.759995,226.25,206.581787,102016100
2016-12-13,227.020004,228.339996,227,227.759995,207.96048,110477500
2016-12-14,227.410004,228.229996,225.369995,225.880005,206.243958,142501800
2016-12-15,226.160004,227.809998,225.889999,226.809998,207.093079,124972600
2016-12-16,226.009995,226.080002,224.669998,225.039993,206.688095,156420200
2016-12-19,225.25,226.020004,225.080002,225.529999,207.138138,90341100
2016-12-20,226.149994,226.570007,225.880005,226.399994,207.937164,89838800
2016-12-21,226.25,226.449997,225.770004,225.770004,207.358551,67909000
2016-12-22,225.600006,225.740005,224.919998,225.380005,207.000397,56219100
2016-12-23,225.429993,225.720001,225.210007,225.710007,207.303467,36697800
2016-12-27,226.020004,226.729996,226,226.270004,207.81778,42672500
2016-12-28,226.570007,226.589996,224.270004,224.399994,206.10025,64095000
2016-12-29,224.479996,224.889999,223.839996,224.350006,206.054352,48696100
2016-12-30,224.729996,224.830002,222.729996,223.529999,205.301239,108998300
2017-01-03,225.039993,225.830002,223.880005,225.240005,206.871796,91366500
2017-01-04,225.619995,226.75,225.610001,226.580002,208.102463,78744400
2017-01-05,226.270004,226.580002,225.479996,226.399994,207.937164,78379000
2017-01-06,226.529999,227.75,225.899994,227.210007,208.681122,71559900
2017-01-09,226.910004,227.070007,226.419998,226.460007,207.992294,46939700
2017-01-10,226.479996,227.449997,226.009995,226.460007,207.992294,63771900
2017-01-11,226.360001,227.100006,225.589996,227.100006,208.580109,74650000
2017-01-12,226.5,226.75,224.960007,226.529999,208.056595,72113200
2017-01-13,226.729996,227.399994,226.690002,227.050003,208.534164,62717900
2017-01-17,226.309998,226.779999,225.800003,226.25,207.799408,61240800
2017-01-18,226.539993,226.800003,225.899994,226.75,208.258606,54793300
2017-01-19,226.839996,227,225.410004,225.910004,207.487183,66608800
2017-01-20,226.699997,227.309998,225.970001,226.740005,208.249466,129168600
2017-01-23,226.740005,226.809998,225.270004,226.149994,207.70755,75061600
2017-01-24,226.399994,228.080002,226.270004,227.600006,209.039307,95555300
2017-01-25,228.699997,229.570007,228.509995,229.570007,210.848648,84437700
2017-01-26,229.399994,229.710007,229.009995,229.330002,210.62825,59970700
2017-01-27,229.419998,229.589996,228.759995,228.970001,210.297623,59711100
2017-01-30,228.169998,228.199997,226.410004,227.550003,208.993393,79737300
2017-01-31,226.979996,227.600006,226.320007,227.529999,208.975021,75880800
2017-02-01,227.529999,228.589996,226.940002,227.619995,209.057724,79117700
2017-02-02,227.619995,228.100006,226.820007,227.770004,209.195465,69657600
2017-02-03,228.820007,229.550003,228.460007,229.339996,210.637436,80563200
2017-02-06,228.869995,229.330002,228.539993,228.929993,210.260849,57790100
2017-02-07,229.380005,229.660004,228.720001,228.940002,210.27005,57931200
2017-02-08,228.940002,229.389999,228.309998,229.240005,210.545578,51566200
2017-02-09,229.240005,230.949997,229.240005,230.600006,211.794678,65955200
2017-02-10,231,231.770004,230.619995,231.509995,212.630417,66015900
2017-02-13,232.080002,233.070007,232.050003,232.770004,213.787689,55182100
2017-02-14,232.559998,233.710007,232.160004,233.699997,214.641861,71109000
2017-02-15,233.449997,235.139999,233.389999,234.919998,215.762375,86785800
2017-02-16,234.949997,235.160004,233.850006,234.720001,215.57869,84722400
2017-02-17,233.949997,235.089996,233.929993,235.089996,215.918518,77204100
2017-02-21,235.520004,236.690002,235.509995,236.490005,217.204346,88946100
2017-02-22,236.020004,236.539993,235.830002,236.279999,217.011475,62115200
2017-02-23,236.880005,236.899994,235.559998,236.440002,217.158401,74615900
2017-02-24,235.460007,236.789993,235.410004,236.740005,217.433975,82381600
2017-02-27,236.639999,237.309998,236.350006,237.110001,217.773788,56515400
2017-02-28,236.669998,236.949997,236.020004,236.470001,217.185944,96961900
2017-03-01,238.389999,240.320007,238.369995,239.779999,220.226059,149158200
2017-03-02,239.559998,239.570007,238.210007,238.270004,218.839188,70246000
2017-03-03,238.169998,238.610001,237.729996,238.419998,218.976944,81974300
2017-03-06,237.5,238.119995,237.009995,237.710007,218.32489,55391500
2017-03-07,237.360001,237.770004,236.759995,237,217.67276,65103700
2017-03-08,237.339996,237.639999,236.399994,236.559998,217.268616,78168800
2017-03-09,236.699997,237.240005,235.740005,236.860001,217.544189,90683900
2017-03-10,237.970001,238.020004,236.589996,237.690002,218.306488,81991700
2017-03-13,237.619995,237.860001,237.240005,237.809998,218.416687,57256800
2017-03-14,237.179993,237.240005,236.190002,236.899994,217.580887,59880800
2017-03-15,237.559998,239.440002,237.289993,238.949997,219.46373,96081800
2017-03-16,239.110001,239.199997,238.100006,238.479996,219.032059,78344000
2017-03-17,237.75,237.970001,237.029999,237.029999,218.647385,89002100
2017-03-20,237.029999,237.360001,236.320007,236.770004,218.407578,52537000
2017-03-21,237.470001,237.610001,233.580002,233.729996,215.603302,131809300
2017-03-22,233.770004,234.610001,233.050003,234.279999,216.110672,97569200
2017-03-23,234.279999,235.339996,233.600006,234.029999,215.880051,100410300
2017-03-24,234.380005,235.039993,232.960007,233.860001,215.723236,112504900
2017-03-27,231.929993,233.919998,231.610001,233.619995,215.501846,87454500
2017-03-28,233.270004,235.809998,233.139999,235.320007,217.070023,93483900
2017-03-29,234.990005,235.809998,234.729996,235.539993,217.272934,61950400
2017-03-30,235.470001,236.520004,235.270004,236.289993,217.964752,56737900
2017-03-31,235.899994,236.509995,235.679993,235.740005,217.457458,73733100
2017-04-03,235.800003,236.029999,233.910004,235.330002,217.079208,85546500
2017-04-04,235,235.580002,234.559998,235.479996,217.217621,56466200
2017-04-05,236.259995,237.389999,234.539993,234.779999,216.571884,108800600
2017-04-06,234.940002,236.039993,234.429993,235.440002,217.180695,69135800
2017-04-07,235.149994,236,234.639999,235.199997,216.95929,74412300
2017-04-10,235.360001,236.259995,234.729996,235.339996,217.088455,67615300
2017-04-11,234.899994,235.179993,233.339996,235.059998,216.830185,88045300
2017-04-12,234.740005,234.960007,233.770004,234.029999,215.880051,81864400
2017-04-13,233.639999,234.490005,232.509995,232.509995,214.477936,92880400
2017-04-17,233.110001,234.570007,232.880005,234.570007,216.378189,68405400
2017-04-18,233.720001,234.490005,233.080002,233.869995,215.732483,83225800
2017-04-19,234.520004,234.949997,233.179993,233.440002,215.335815,68699900
2017-04-20,234.149994,235.850006,233.779999,235.339996,217.088455,92572200
2017-04-21,235.25,235.309998,234.130005,234.589996,216.396622,110389800
2017-04-24,237.179993,237.410004,234.559998,237.169998,218.77655,119209900
2017-04-25,237.910004,238.949997,237.809998,238.550003,220.04953,76698300
2017-04-26,238.509995,239.529999,238.350006,238.399994,219.911133,84702500
2017-04-27,238.770004,238.949997,237.979996,238.600006,220.095642,57410300
2017-04-28,238.899994,238.929993,237.929993,238.080002,219.615982,63532800
2017-05-01,238.679993,239.169998,238.199997,238.679993,220.169434,66882500
2017-05-02,238.839996,238.979996,238.300003,238.770004,220.252472,57375700
2017-05-03,238.770004,238.880005,237.699997,238.479996,219.98494,73137700
2017-05-04,238.830002,238.919998,237.779999,238.759995,220.243225,61462700
2017-05-05,239.190002,239.720001,238.679993,239.699997,221.110306,62001300
2017-05-08,239.75,239.919998,239.169998,239.660004,221.073441,48385700
2017-05-09,239.960007,240.190002,239.039993,239.440002,220.870499,51363200
2017-05-10,239.389999,239.869995,239.149994,239.869995,221.26712,54293800
2017-05-11,239.350006,239.570007,238.130005,239.380005,220.815155,62358300
2017-05-12,239.089996,239.429993,238.669998,238.979996,220.446136,53912700
2017-05-15,239.470001,240.440002,239.449997,240.300003,221.663818,61918900
2017-05-16,240.639999,240.669998,239.630005,240.080002,221.460846,51241800
2017-05-17,240.080002,240.080002,235.75,235.820007,217.531265,172174100
2017-05-18,235.729996,237.75,235.429993,236.770004,218.407578,107047700
2017-05-19,237.330002,239.080002,237.270004,238.309998,219.82814,115011400
2017-05-22,238.899994,239.710007,238.820007,239.520004,220.94426,61010600
2017-05-23,239.949997,240.240005,239.509995,240.050003,221.433167,48341700
2017-05-24,240.320007,240.729996,239.929993,240.610001,221.949783,46927700
2017-05-25,241.199997,242.080002,240.960007,241.759995,223.010544,64071700
2017-05-26,241.539993,241.899994,241.449997,241.710007,222.964478,46629900
2017-05-30,241.339996,241.789993,241.160004,241.5,222.770721,35201900
2017-05-31,241.839996,241.880005,240.639999,241.440002,222.715408,91796000
2017-06-01,241.970001,243.380005,241.639999,243.360001,224.486465,68962000
2017-06-02,243.419998,244.350006,243.080002,244.169998,225.233658,88666100
2017-06-05,243.970001,244.300003,243.759995,243.990005,225.067612,44698800
2017-06-06,243.339996,243.979996,243.119995,243.210007,224.348129,50375400
2017-06-07,243.600006,243.919998,242.830002,243.660004,224.763199,54144300
2017-06-08,243.770004,244.330002,243.169998,243.779999,224.873901,65950700
2017-06-09,244.089996,245.009995,241.949997,243.410004,224.532639,132256400
2017-06-12,243.130005,243.419998,242.380005,243.360001,224.486465,86108100
2017-06-13,243.979996,244.610001,243.580002,244.550003,225.584229,60067000
2017-06-14,244.860001,244.869995,243.289993,244.240005,225.298264,78602300
2017-06-15,242.679993,243.910004,242.360001,243.770004,224.864716,66464900
2017-06-16,242.770004,242.830002,241.630005,242.639999,224.913818,84553100
2017-06-19,243.589996,244.729996,243.479996,244.660004,226.786224,65123800
2017-06-20,244.25,244.259995,242.990005,243.009995,225.256805,56906400
2017-06-21,243.460007,243.589996,242.410004,242.949997,225.201157,55977600
2017-06-22,242.960007,243.529999,242.639999,242.839996,225.099228,44148100
2017-06-23,242.910004,243.509995,242.470001,243.130005,225.367996,66986800
2017-06-26,243.899994,244.380005,243.050003,243.289993,225.516327,56700500
2017-06-27,243.039993,243.380005,241.309998,241.330002,223.699493,82247700
2017-06-28,242.5,243.720001,242.229996,243.490005,225.701721,70042600
2017-06-29,243.660004,243.720001,239.960007,241.350006,223.718063,106949700
2017-06-30,242.279999,242.710007,241.580002,241.800003,224.135162,86820700
2017-07-03,242.880005,243.380005,242.210007,242.210007,224.515228,39153800
2017-07-05,242.630005,243.009995,241.699997,242.770004,225.034332,54427600
2017-07-06,241.889999,242.029999,240.339996,240.550003,222.976501,65400800
2017-07-07,241.210007,242.279999,240.559998,242.110001,224.422531,57972300
2017-07-10,242.110001,242.800003,241.759995,242.369995,224.663544,36663300
2017-07-11,242.369995,242.550003,240.850006,242.190002,224.496674,50354600
2017-07-12,243.300003,244.199997,243.300003,244.009995,226.183731,59610400
2017-07-13,244.020004,244.550003,243.759995,244.419998,226.563751,39471600
2017-07-14,244.419998,245.970001,244.309998,245.559998,227.620468,60262700
2017-07-17,245.470001,245.910004,245.330002,245.529999,227.592682,33531900
2017-07-18,245.059998,245.720001,244.669998,245.660004,227.713165,42742500
2017-07-19,246.020004,247,246.009995,246.990005,228.946045,51034300
2017-07-20,247.279999,247.419998,246.470001,247.100006,229.047958,47135200
2017-07-21,246.440002,246.910004,246.179993,246.880005,228.844055,82340800
2017-07-24,246.789993,246.979996,246.279999,246.820007,228.788452,46622300
2017-07-25,247.679993,247.800003,247.160004,247.419998,229.34462,54915600
2017-07-26,247.75,247.789993,247.130005,247.429993,229.353867,47575400
2017-07-27,247.960007,248,245.679993,247.199997,229.140717,70766600
2017-07-28,246.649994,247.059998,246.130005,246.910004,228.871872,50088400
2017-07-31,247.369995,247.479996,246.529999,246.770004,228.742096,65838700
2017-08-01,247.460007,247.5,246.720001,247.320007,229.251923,55050400
2017-08-02,247.470001,247.600006,246.369995,247.440002,229.363144,47211200
2017-08-03,247.309998,247.339996,246.639999,246.960007,228.918213,40856000
2017-08-04,247.520004,247.789993,246.970001,247.410004,229.335342,60191800
2017-08-07,247.490005,247.869995,247.369995,247.869995,229.761688,31995000
2017-08-08,247.509995,248.910004,246.830002,247.259995,229.196289,61719400
2017-08-09,246.470001,247.309998,246.059998,247.25,229.187012,62632600
2017-08-10,246.289993,246.440002,243.699997,243.759995,225.952011,120479500
2017-08-11,244.020004,244.800003,243.75,244.119995,226.28569,74869900
2017-08-14,245.589996,246.789993,245.550003,246.539993,228.528885,73291900
2017-08-15,246.979996,247,246.160004,246.509995,228.501068,55242700
2017-08-16,247.110001,247.570007,246.449997,246.940002,228.899658,56715500
2017-08-17,246.240005,246.600006,243.089996,243.089996,225.330902,128490400
2017-08-18,242.899994,244.190002,242.199997,242.710007,224.978699,136748000
2017-08-21,242.639999,243.199997,241.830002,242.899994,225.154816,65469700
2017-08-22,243.570007,245.619995,243.550003,245.440002,227.509277,63140100
2017-08-23,244.330002,245.050003,244.160004,244.559998,226.693558,50203800
2017-08-24,245,245.179993,243.75,243.990005,226.165161,50741700
2017-08-25,244.899994,245.610001,244.389999,244.559998,226.693558,64445900
2017-08-28,245.169998,245.199997,244.089996,244.570007,226.702805,40565600
2017-08-29,243.059998,245.149994,242.929993,244.850006,226.962372,51135700
2017-08-30,244.830002,246.320007,244.619995,246.009995,228.037598,62030800
2017-08-31,246.720001,247.770004,246.050003,247.490005,229.409531,103803900
2017-09-01,247.919998,248.330002,247.669998,247.839996,229.733948,62007000
2017-09-05,247.259995,247.520004,244.949997,246.059998,228.084,91398800
2017-09-06,246.839996,247.279999,246.229996,246.899994,228.862595,57916900
2017-09-07,247.25,247.270004,246.399994,246.869995,228.834808,58034700
2017-09-08,246.539993,247.110001,246.300003,246.580002,228.565948,63832800
2017-09-11,248.039993,249.300003,248.020004,249.210007,231.003876,71364800
2017-09-12,249.630005,250.089996,249.419998,250.050003,231.782486,56896000
2017-09-13,249.720001,250.210007,249.589996,250.169998,231.893692,59228000
2017-09-14,249.800003,250.320007,249.600006,250.089996,231.819534,95446300
2017-09-15,248.690002,249.289993,248.570007,249.190002,232.131622,95432400
2017-09-18,249.610001,250.119995,249.279999,249.720001,232.62532,46235200
2017-09-19,250,250.070007,249.600006,249.970001,232.858215,47108100
2017-09-20,250.070007,250.190002,248.919998,250.059998,232.942093,59574100
2017-09-21,249.880005,249.979996,249.190002,249.389999,232.317902,48211400
2017-09-22,249.050003,249.630005,249.020004,249.440002,232.364517,51214000
2017-09-25,249.149994,249.550003,248.080002,248.929993,231.889435,57064400
2017-09-26,249.419998,249.699997,248.809998,249.080002,232.02916,54082000
2017-09-27,249.880005,250.490005,248.869995,250.050003,232.932739,81001400
2017-09-28,249.729996,250.440002,249.630005,250.350006,233.212234,44778800
2017-09-29,250.339996,251.320007,250.130005,251.229996,234.031937,85578000
2017-10-02,251.490005,252.320007,251.289993,252.320007,235.047348,59023000
2017-10-03,252.320007,252.889999,252.229996,252.860001,235.550415,66810200
2017-10-04,252.690002,253.440002,252.559998,253.160004,235.82988,55953600
2017-10-05,253.539993,254.679993,253.199997,254.660004,237.227188,63522800
2017-10-06,254.149994,254.699997,253.850006,254.369995,236.957047,80646000
2017-10-09,254.630005,254.699997,253.649994,253.949997,236.565781,35803100
2017-10-10,254.600006,255.050003,253.979996,254.619995,237.189911,43057400
2017-10-11,254.509995,255.020004,254.320007,255.020004,237.562531,47674300
2017-10-12,254.660004,255.059998,254.369995,254.639999,237.208557,47065100
2017-10-13,255.139999,255.270004,254.639999,254.949997,237.49733,54800400
2017-10-16,255.210007,255.509995,254.820007,255.289993,237.814056,38221700
2017-10-17,255.229996,255.520004,254.979996,255.470001,237.981705,31561000
2017-10-18,255.899994,255.949997,255.5,255.720001,238.21463,40888300
2017-10-19,254.830002,255.830002,254.350006,255.789993,238.279816,61903800
2017-10-20,256.700012,257.140015,255.770004,257.109985,239.509415,89176400
2017-10-23,257.480011,257.51001,256.019989,256.109985,238.577896,63915300
2017-10-24,256.600006,256.829987,256.149994,256.559998,238.997086,66935900
2017-10-25,256.179993,256.309998,254,255.289993,237.814056,103715300
2017-10-26,255.990005,256.299988,255.479996,255.619995,238.121475,69798000
2017-10-27,256.470001,257.890015,255.630005,257.709991,240.068375,85562500
2017-10-30,256.470001,257.600006,256.410004,256.75,239.174118,54285700
2017-10-31,257.179993,257.440002,256.809998,257.149994,239.546707,60304800
2017-11-01,258.040009,258.429993,257.070007,257.48999,239.863434,54202700
2017-11-02,257.410004,257.75,256.190002,257.589996,239.956589,56449500
2017-11-03,257.769989,258.5,257.299988,258.450012,240.757751,59589700
2017-11-06,258.299988,259,258.220001,258.850006,241.130341,49652600
2017-11-07,258.970001,259.350006,258.089996,258.670013,240.962646,57502200
2017-11-08,258.470001,259.220001,258.149994,259.109985,241.372559,50469600
2017-11-09,257.730011,258.390015,256.359985,258.170013,240.496887,95085500
2017-11-10,257.730011,258.290009,257.369995,258.089996,240.422379,59984700
2017-11-13,257.309998,258.589996,257.269989,258.329987,240.64595,50228600
2017-11-14,257.410004,257.850006,256.519989,257.730011,240.087051,61315200
2017-11-15,256.619995,257.220001,255.630005,256.440002,238.885315,80811500
2017-11-16,257.519989,259.040009,257.470001,258.619995,240.916092,67777000
2017-11-17,258.220001,258.589996,257.769989,257.859985,240.20813,75756800
2017-11-20,258.140015,258.519989,257.859985,258.299988,240.617996,48075500
2017-11-21,259.179993,260.200012,258.26001,259.98999,242.192307,69176800
2017-11-22,260,260.149994,259.570007,259.76001,241.978088,45033400
2017-11-24,260.320007,260.480011,260.160004,260.359985,242.536972,27856500
2017-11-27,260.410004,260.75,260,260.230011,242.415924,52274900
2017-11-28,260.76001,262.899994,260.649994,262.869995,244.875107,98971700
2017-11-29,263.019989,263.630005,262.200012,262.709991,244.726105,77512100
2017-11-30,263.76001,266.049988,263.670013,265.01001,246.868652,127894400
2017-12-01,264.76001,265.309998,260.76001,264.459991,246.356354,164390900
2017-12-04,266.309998,266.799988,264.079987,264.140015,246.058228,94040600
2017-12-05,263.190002,265.149994,263.040009,263.190002,245.173218,77994500
2017-12-06,263.299988,263.730011,262.709991,263.23999,245.219879,75898600
2017-12-07,264.070007,264.429993,262.940002,264.070007,245.993027,77218600
2017-12-08,265.160004,265.519989,264.029999,265.51001,247.334457,76563900
2017-12-11,266.309998,266.380005,265.480011,266.309998,248.079697,83077500
2017-12-12,267.209991,267.320007,266.350006,266.779999,248.517517,85195800
2017-12-13,267.059998,267.559998,266.649994,266.75,248.489517,102905400
2017-12-14,267.089996,267.220001,265.600006,265.660004,247.474182,100666700
2017-12-15,265.450012,267.040009,265.390015,266.51001,249.534912,144610300
2017-12-18,268.100006,268.600006,267.980011,268.200012,251.11731,83653600
2017-12-19,268.480011,268.529999,267.089996,267.170013,250.152939,82382900
2017-12-20,268.269989,268.329987,266.690002,267.029999,250.021912,76751500
2017-12-21,267.73999,268.390015,267.299988,267.579987,250.536804,67032300
2017-12-22,267.600006,267.640015,266.899994,267.51001,250.471268,78720900
2017-12-26,267.049988,267.440002,266.890015,267.190002,250.171646,45244400
2017-12-27,267.380005,267.730011,267.01001,267.320007,250.293365,57751000
2017-12-28,267.890015,267.920013,267.450012,267.869995,250.808365,45116100
2017-12-29,268.529999,268.549988,266.640015,266.859985,249.862671,96007400
2018-01-02,267.839996,268.809998,267.399994,268.769989,251.651016,86655700
2018-01-03,268.959991,270.640015,268.959991,270.470001,253.242798,90070400
2018-01-04,271.200012,272.160004,270.540009,271.609985,254.310135,80636400
2018-01-05,272.51001,273.559998,271.950012,273.420013,256.004883,83524000
2018-01-08,273.309998,274.100006,272.980011,273.920013,256.472992,57319200
2018-01-09,274.399994,275.25,274.079987,274.540009,257.053528,57254000
2018-01-10,273.679993,274.420013,272.920013,274.119995,256.660309,69574300
2018-01-11,274.75,276.119995,274.559998,276.119995,258.532928,62361500
2018-01-12,276.420013,278.109985,276.079987,277.920013,260.218262,90816100
2018-01-16,279.350006,280.089996,276.179993,276.970001,259.328766,106555100
2018-01-17,278.029999,280.049988,276.970001,279.609985,261.800537,113258800
2018-01-18,279.480011,279.959991,278.579987,279.140015,261.360565,100728000
2018-01-19,279.799988,280.410004,279.140015,280.410004,262.549622,140920100
2018-01-22,280.170013,282.690002,280.109985,282.690002,264.684387,91322400
2018-01-23,282.73999,283.619995,282.369995,283.290009,265.246185,97084700
2018-01-24,284.019989,284.700012,281.839996,283.179993,265.143188,134816100
2018-01-25,284.160004,284.269989,282.399994,283.299988,265.255524,84587300
2018-01-26,284.25,286.630005,283.959991,286.579987,268.32666,107743100
2018-01-29,285.929993,286.429993,284.5,284.679993,266.547638,90118300
2018-01-30,282.600006,284.73999,281.220001,281.76001,263.81366,131796400
2018-01-31,282.730011,283.299988,280.679993,281.899994,263.944702,108364800
2018-02-01,281.070007,283.059998,280.679993,281.579987,263.645081,90102500
2018-02-02,280.079987,280.230011,275.410004,275.450012,257.905548,173174800
2018-02-05,273.450012,275.850006,263.309998,263.929993,247.119324,294681800
2018-02-06,259.940002,269.700012,258.700012,269.130005,251.988098,355026800
2018-02-07,268.5,272.359985,267.579987,267.670013,250.621124,167376100
2018-02-08,268.01001,268.170013,257.589996,257.630005,241.220596,246449500
2018-02-09,260.799988,263.609985,252.919998,261.5,244.844086,283565300
2018-02-12,263.829987,267.01001,261.660004,265.339996,248.439484,143736000
2018-02-13,263.970001,266.619995,263.309998,266,249.057465,81223600
2018-02-14,264.309998,270,264.299988,269.589996,252.418808,120735700
2018-02-15,271.570007,273.040009,268.769989,273.029999,255.639664,111200300
2018-02-16,272.320007,275.320007,272.269989,273.109985,255.714554,160420100
2018-02-20,272.029999,273.670013,270.5,271.399994,254.113541,86369700
2018-02-21,271.899994,274.720001,269.940002,270.049988,252.849518,98883700
2018-02-22,271.100006,273.049988,269.640015,270.399994,253.177261,110511300
2018-02-23,271.790009,274.709991,271.25,274.709991,257.212616,92766400
2018-02-26,275.929993,278.01001,275.26001,277.899994,260.199432,86491400
2018-02-27,278.109985,278.920013,274.359985,274.429993,256.9505,99099200
2018-02-28,275.679993,276.190002,271.290009,271.649994,254.347641,121907800
2018-03-01,271.410004,273.170013,266,267.700012,250.649155,176855100
2018-03-02,265.799988,269.720001,264.820007,269.079987,251.94133,139083200
2018-03-05,267.730011,272.890015,267.609985,272.190002,254.85318,97307400
2018-03-06,273.299988,273.390015,271.179993,272.880005,255.499252,79213200
2018-03-07,270.420013,273.179993,270.200012,272.779999,255.405624,87063500
2018-03-08,273.549988,274.23999,272.420013,274.100006,256.641632,66901200
2018-03-09,275.700012,278.869995,275.339996,278.869995,261.107758,113625300
2018-03-12,279.200012,279.910004,278.079987,278.519989,260.779999,71924800
2018-03-13,279.839996,280.410004,276.029999,276.720001,259.094696,91968900
2018-03-14,277.809998,278.019989,274.670013,275.299988,257.765076,105895100
2018-03-15,275.880005,276.609985,274.429993,275,257.484253,83433000
2018-03-16,274.5,275.390015,274.140015,274.200012,257.763458,100343700
2018-03-19,273.350006,274.399994,268.619995,270.48999,254.275894,109208400
2018-03-20,270.940002,271.670013,270.179993,270.950012,254.708237,59757300
2018-03-21,270.899994,273.269989,270.190002,270.429993,254.219391,78709600
2018-03-22,267.910004,268.869995,263.359985,263.670013,247.864655,148785900
2018-03-23,264.170013,264.540009,257.829987,258.049988,242.581497,183534800
2018-03-26,262.130005,265.429993,259.410004,265.109985,249.218292,141956100
2018-03-27,266.170013,266.769989,258.839996,260.600006,244.978683,129941400
2018-03-28,260.75,262.640015,258.579987,259.829987,244.254776,146452300
2018-03-29,261.119995,265.26001,259.839996,263.149994,247.375778,111601600
2018-04-02,262.549988,263.130005,254.669998,257.470001,242.036285,186286300
2018-04-03,258.869995,261.309998,256.839996,260.769989,245.138489,119956900
2018-04-04,256.75,264.359985,256.600006,263.559998,247.761185,123715300
2018-04-05,265.549988,266.640015,264.320007,265.640015,249.716568,82652600
2018-04-06,263.420013,265.109985,258,259.720001,244.151428,179521200
2018-04-09,261.369995,264.839996,259.940002,261,245.354675,105442900
2018-04-10,264.269989,266.040009,262.980011,265.149994,249.255875,103529000
2018-04-11,263.470001,265.640015,263.390015,263.76001,247.949219,91140200
2018-04-12,265.26001,267,265.059998,265.929993,249.989151,68890500
2018-04-13,267.410004,267.540009,264.01001,265.149994,249.255875,85079200
2018-04-16,267,268.200012,266.070007,267.329987,251.305222,63405300
2018-04-17,269.329987,270.869995,268.75,270.190002,253.993805,64682000
2018-04-18,270.690002,271.299988,269.869995,270.390015,254.181824,57303900
2018-04-19,269.649994,269.880005,267.720001,268.890015,252.771713,77655900
2018-04-20,268.809998,269.059998,265.609985,266.609985,250.628403,99953100
2018-04-23,267.26001,267.890015,265.350006,266.570007,250.590805,65558000
2018-04-24,267.730011,267.980011,261.279999,262.980011,247.215973,112885500
2018-04-25,262.910004,264.130005,260.850006,263.630005,247.827026,103840900
2018-04-26,264.790009,267.25,264.290009,266.309998,250.34639,67731900
2018-04-27,267,267.339996,265.5,266.559998,250.581375,57053600
2018-04-30,267.26001,267.890015,264.429993,264.51001,248.654282,82182300
2018-05-01,263.869995,265.100006,262.109985,264.980011,249.096069,74203400
2018-05-02,264.76001,265.679993,262.76001,263.200012,247.422836,86368900
2018-05-03,262.26001,263.359985,259.049988,262.619995,246.877563,136311500
2018-05-04,261.519989,266.790009,261.149994,266.019989,250.0737,91222100
2018-05-07,266.890015,268.019989,266.109985,266.920013,250.919815,55304900
2018-05-08,266.5,267.329987,265.149994,266.920013,250.919815,67499200
2018-05-09,267.679993,269.869995,267.089996,269.5,253.345123,59666100
2018-05-10,270.339996,272.390015,270.220001,272.019989,255.714066,72063900
2018-05-11,272.160004,273.149994,271.579987,272.850006,256.494385,59871500
2018-05-14,273.339996,274.079987,272.359985,272.980011,256.616547,54790600
2018-05-15,271.589996,271.609985,270.029999,271.100006,254.849243,87036100
2018-05-16,271.140015,272.76001,271.109985,272.23999,255.920959,53942600
2018-05-17,271.940002,273.230011,271.130005,272.01001,255.704712,56536400
2018-05-18,271.619995,272.029999,270.929993,271.329987,255.065445,64368000
2018-05-21,273.01001,273.980011,272.570007,273.369995,256.983185,58025900
2018-05-22,273.959991,274.25,272.23999,272.609985,256.268707,52966400
2018-05-23,271.170013,273.390015,270.98999,273.359985,256.973724,64694200
2018-05-24,272.910004,273.220001,270.779999,272.799988,256.447357,76043800
2018-05-25,272.149994,272.859985,271.579987,272.149994,255.836304,56374800
2018-05-29,270.309998,271.170013,267.76001,269.019989,252.893921,115908600
2018-05-30,270.5,273.109985,270.420013,272.609985,256.268707,69678400
2018-05-31,272.149994,272.48999,270.26001,270.940002,254.698898,93519900
2018-06-01,272.410004,273.940002,272.329987,273.600006,257.199341,71258400
2018-06-04,274.529999,275.190002,274.26001,274.899994,258.421417,45385200
2018-06-05,275.049988,275.529999,274.179993,275.100006,258.609528,51135000
2018-06-06,275.790009,277.519989,275.089996,277.399994,260.771637,62732200
2018-06-07,277.950012,278.279999,276.339996,277.369995,260.743408,72969400
2018-06-08,276.850006,278.25,276.660004,278.190002,261.514282,72139700
2018-06-11,278.440002,279.369995,278.309998,278.559998,261.862091,58892500
2018-06-12,279.029999,279.329987,278.190002,278.920013,262.20047,72329000
2018-06-13,279.190002,279.480011,277.799988,278.029999,261.363861,79070600
2018-06-14,279.01001,279.329987,278.059998,278.730011,262.021881,77097600
2018-06-15,276.600006,277.51001,275.350006,277.130005,261.687592,120041600
2018-06-18,275.48999,276.700012,274.950012,276.559998,261.149384,52917600
2018-06-19,274,275.75,273.529999,275.5,260.148407,97531500
2018-06-20,276.269989,276.720001,275.589996,275.970001,260.592255,53785500
2018-06-21,275.959991,275.980011,273.679993,274.23999,258.958557,71061400
2018-06-22,275.660004,275.790009,274.48999,274.73999,259.430786,54898500
2018-06-25,273.440002,273.619995,269.100006,271,255.899139,137854200
2018-06-26,271.640015,272.559998,270.790009,271.600006,256.465729,68547400
2018-06-27,272.26001,273.869995,269.179993,269.350006,254.341141,105110700
2018-06-28,269.290009,271.75,268.48999,270.890015,255.79538,76650500
2018-06-29,272.119995,273.660004,271.149994,271.279999,256.163544,97592500
2018-07-02,269.51001,272.040009,269.23999,271.859985,256.711212,63554800
2018-07-03,272.869995,272.980011,270.420013,270.899994,255.804733,42187100
2018-07-05,272.170013,273.179993,270.959991,273.109985,257.891602,56925900
2018-07-06,273.140015,275.839996,272.709991,275.420013,260.072906,66493700
2018-07-09,276.549988,277.959991,276.5,277.899994,262.414703,50550400
2018-07-10,278.410004,279.01001,278.079987,278.899994,263.358978,51966800
2018-07-11,277.149994,278.040009,276.519989,276.859985,261.432617,77054700
2018-07-12,278.279999,279.429993,277.600006,279.369995,263.802795,60124700
2018-07-13,279.170013,279.929993,278.660004,279.589996,264.010529,48216000
2018-07-16,279.640015,279.799988,278.839996,279.339996,263.774445,48201000
2018-07-17,278.470001,280.910004,278.410004,280.470001,264.841461,52315500
2018-07-18,280.559998,281.179993,280.059998,281.059998,265.398621,44593500
2018-07-19,280.309998,280.73999,279.459991,280,264.397705,61412100
2018-07-20,279.769989,280.480011,279.5,279.679993,264.09552,82337700
2018-07-23,279.450012,280.429993,279.059998,280.200012,264.586548,47047600
2018-07-24,281.790009,282.559998,280.630005,281.609985,265.917908,68026900
2018-07-25,281.329987,284.369995,281.279999,284.01001,268.184265,78882900
2018-07-26,283.200012,284.109985,283.089996,283.339996,267.551514,57919500
2018-07-27,283.709991,283.820007,280.380005,281.420013,265.738525,76768700
2018-07-30,281.51001,281.690002,279.359985,279.950012,264.350494,63742500
2018-07-31,280.809998,282.019989,280.380005,281.329987,265.653534,68570500
2018-08-01,281.559998,282.130005,280.130005,280.859985,265.209747,53853300
2018-08-02,279.390015,282.579987,279.160004,282.390015,266.654572,63426400
2018-08-03,282.529999,283.660004,282.329987,283.600006,267.797058,53935400
2018-08-06,283.640015,284.98999,283.200012,284.640015,268.779144,39400900
2018-08-07,285.390015,286.01001,285.23999,285.579987,269.666718,43196600
2018-08-08,285.390015,285.910004,284.940002,285.459991,269.553406,42114600
2018-08-09,285.529999,285.970001,284.920013,285.070007,269.18515,35717000
2018-08-10,283.450012,284.059998,282.359985,283.160004,267.381622,77076000
2018-08-13,283.470001,284.160004,281.769989,282.100006,266.380707,65732900
2018-08-14,282.920013,284.170013,282.480011,283.899994,268.080322,43842000
2018-08-15,282.380005,282.540009,280.160004,281.779999,266.078491,102925400
2018-08-16,283.399994,285.040009,283.359985,284.059998,268.231445,69967900
2018-08-17,283.829987,285.559998,283.369995,285.059998,269.17572,65618500
2018-08-20,285.570007,285.970001,285.059998,285.670013,269.75177,39807500
2018-08-21,286.25,287.309998,285.709991,286.339996,270.384338,67272000
2018-08-22,285.880005,286.76001,285.579987,286.170013,270.223877,44993300
2018-08-23,285.970001,286.940002,285.429993,285.790009,269.865051,49204900
2018-08-24,286.440002,287.670013,286.380005,287.51001,271.489197,57487400
2018-08-27,288.859985,289.899994,288.679993,289.779999,273.63266,57072400
2018-08-28,290.299988,290.420013,289.399994,289.920013,273.764893,46943500
2018-08-29,290.160004,291.73999,289.890015,291.480011,275.238037,61485500
2018-08-30,290.940002,291.359985,289.630005,290.299988,274.123749,61229500
2018-08-31,289.839996,290.809998,289.290009,290.309998,274.133179,66140800
2018-09-04,289.839996,290.209991,288.679993,289.809998,273.66098,57594400
2018-09-05,289.410004,289.640015,287.890015,289.029999,272.92453,72452400
2018-09-06,289.149994,289.48999,287,288.160004,272.102966,65909900
2018-09-07,286.980011,288.700012,286.709991,287.600006,271.574219,73524800
2018-09-10,288.73999,289.040009,287.880005,288.100006,272.046265,50210900
2018-09-11,287.369995,289.549988,286.980011,289.049988,272.94342,50530500
2018-09-12,289.059998,289.799988,288.230011,289.119995,273.009491,59810800
2018-09-13,290.320007,291.040009,290,290.829987,274.624115,51034200
2018-09-14,291.059998,291.269989,290,290.880005,274.671448,55079900
2018-09-17,290.820007,290.859985,289.029999,289.339996,273.217194,68244000
2018-09-18,289.579987,291.579987,289.549988,290.910004,274.699738,61930400
2018-09-19,290.970001,291.690002,290.829987,291.220001,274.992493,49080600
2018-09-20,292.640015,293.940002,291.23999,293.579987,277.220947,100360600
2018-09-21,293.089996,293.220001,291.809998,291.98999,276.967682,105479700
2018-09-24,291.339996,291.5,290.369995,291.019989,276.047577,53409600
2018-09-25,291.529999,291.649994,290.480011,290.75,275.791504,44370000
2018-09-26,290.910004,292.23999,289.410004,289.880005,274.966278,79739700
2018-09-27,290.410004,291.910004,290.100006,290.690002,275.734558,59249500
2018-09-28,289.98999,291.279999,289.950012,290.720001,275.763031,70091400
2018-10-01,292.109985,292.929993,290.980011,291.730011,276.7211,62078900
2018-10-02,291.559998,292.359985,291.140015,291.559998,276.559814,47258200
2018-10-03,292.73999,293.209991,291.320007,291.720001,276.711548,64694600
2018-10-04,291.179993,291.23999,287.660004,289.440002,274.54892,111545900
2018-10-05,289.690002,290.269989,286.220001,287.820007,273.012207,105951700
2018-10-08,287.049988,288.220001,285.5,287.820007,273.012207,87742200
2018-10-09,287.390015,288.859985,286.769989,287.399994,272.613831,74339000
2018-10-10,286.829987,286.910004,277.880005,278.299988,263.982086,214731000
2018-10-11,277.079987,278.899994,270.359985,272.170013,258.167419,274840500
2018-10-12,276.769989,277.089996,272.369995,275.950012,261.752899,183186500
2018-10-15,275.549988,277.040009,274.299988,274.399994,260.282684,102263700
2018-10-16,276.600006,280.820007,276.070007,280.399994,265.973969,118255800
2018-10-17,280.440002,281.149994,277.559998,280.450012,266.021393,110626000
2018-10-18,279.399994,280.070007,274.970001,276.399994,262.179779,134557500
2018-10-19,277.130005,279.299988,275.470001,276.25,262.037476,139901600
2018-10-22,277,277.359985,274.410004,275.01001,260.861298,82415800
2018-10-23,270.950012,274.869995,268.609985,273.609985,259.533325,146352700
2018-10-24,273.329987,273.76001,264.700012,265.320007,251.669815,177806700
2018-10-25,267.380005,271.809998,266.230011,270.079987,256.184967,138061500
2018-10-26,265.920013,271,262.290009,265.329987,251.679245,201574600
2018-10-29,268.799988,270.25,259.850006,263.859985,250.284943,160749100
2018-10-30,263.670013,268.119995,263.119995,267.769989,253.993744,157116000
2018-10-31,270.649994,273.230011,270.119995,270.630005,256.706573,128296300
2018-11-01,271.600006,273.730011,270.380005,273.51001,259.438446,99495000
2018-11-02,274.75,275.230011,269.589996,271.890015,257.901825,122634100
2018-11-05,272.440002,274.01001,271.350006,273.390015,259.324677,65622500
2018-11-06,273.320007,275.299988,273.25,275.119995,260.965576,60085900
2018-11-07,277.559998,281.100006,277.079987,281.01001,266.552612,102752100
2018-11-08,280.109985,281.220001,279.220001,280.5,266.068787,65584900
2018-11-09,279.029999,279.23999,276.179993,277.76001,263.469757,98812600
2018-11-12,277.190002,277.459991,271.98999,272.570007,258.546844,99673600
2018-11-13,273.089996,275.329987,271.25,272.059998,258.062988,98176600
2018-11-14,274.160004,274.609985,268.450012,270.200012,256.298676,125335900
2018-11-15,268.779999,273.540009,267.01001,273.019989,258.973663,135101400
2018-11-16,271.790009,274.75,271.209991,273.730011,259.647095,126668000
2018-11-19,273.049988,273.380005,268.070007,269.100006,255.255402,103061700
2018-11-20,265.359985,267,263.149994,264.119995,250.53154,136021300
2018-11-21,265.859985,267.149994,265.01001,265.019989,251.385254,75563700
2018-11-23,263.179993,264.820007,263.070007,263.25,249.706299,42807900
2018-11-26,265.779999,267.75,265.339996,267.5,253.737656,79981400
2018-11-27,266.339996,268.399994,265.660004,268.399994,254.591385,75502400
2018-11-28,269.600006,274.579987,268.329987,274.579987,260.45343,127629600
2018-11-29,273.709991,275.549988,272.429993,273.980011,259.884308,82346400
2018-11-30,273.809998,276.279999,273.450012,275.649994,261.468353,98204200
2018-12-03,280.279999,280.399994,277.51001,279.299988,264.930542,103176300
2018-12-04,278.369995,278.850006,269.899994,270.25,256.346191,177986000
2018-12-06,265.920013,269.970001,262.440002,269.839996,255.95726,204185400
2018-12-07,269.459991,271.220001,262.630005,263.570007,250.009811,161018900
2018-12-10,263.369995,265.160004,258.619995,264.070007,250.484131,151445900
2018-12-11,267.660004,267.869995,262.480011,264.130005,250.541061,121504400
2018-12-12,267.470001,269,265.369995,265.459991,251.802612,97976700
2018-12-13,266.519989,267.48999,264.119995,265.369995,251.71727,96662700
2018-12-14,262.959991,264.029999,259.850006,260.470001,247.069336,116961100
2018-12-17,259.399994,260.649994,253.529999,255.360001,242.222244,165492300
2018-12-18,257.200012,257.950012,253.279999,255.080002,241.95665,134515100
2018-12-19,255.169998,259.399994,249.350006,251.259995,238.333176,214992800
2018-12-20,249.860001,251.619995,244.649994,247.169998,234.453568,252053400
2018-12-21,246.740005,249.710007,239.979996,240.699997,229.649734,255345600
2018-12-24,239.039993,240.839996,234.270004,234.339996,223.581726,147311600
2018-12-26,235.970001,246.179993,233.759995,246.179993,234.878159,218485400
2018-12-27,242.570007,248.289993,238.960007,248.070007,236.681412,186267300
2018-12-28,249.580002,251.399994,246.449997,247.75,236.376099,153100200
2018-12-31,249.559998,250.190002,247.470001,249.919998,238.446472,144299400
2019-01-02,245.979996,251.210007,245.949997,250.179993,238.694534,126925200
2019-01-03,248.229996,248.570007,243.669998,244.210007,232.998627,144140700
2019-01-04,247.589996,253.110001,247.169998,252.389999,240.80307,142628800
2019-01-07,252.690002,255.949997,251.690002,254.380005,242.701752,103139100
2019-01-08,256.820007,257.309998,254,256.769989,244.981964,102512600
2019-01-09,257.559998,258.910004,256.190002,257.970001,246.126892,95006600
2019-01-10,256.26001,259.160004,255.5,258.880005,246.995148,96823900
2019-01-11,257.679993,259.01001,257.029999,258.980011,247.09053,73858100
2019-01-14,256.859985,258.299988,256.410004,257.399994,245.583038,70908200
2019-01-15,257.820007,260.700012,257.809998,260.350006,248.397644,85208300
2019-01-16,260.829987,261.970001,260.600006,260.980011,248.998718,77636700
2019-01-17,260.01001,263.920013,259.959991,262.959991,250.887802,96118400
2019-01-18,264.980011,266.980011,263,266.459991,254.227112,127900300
2019-01-22,264.820007,265.059998,261.059998,262.859985,250.792419,115531200
2019-01-23,264.01001,264.790009,260.660004,263.410004,251.3172,86030300
2019-01-24,263.209991,264.200012,262.079987,263.549988,251.450714,59204100
2019-01-25,265.609985,266.700012,263.660004,265.779999,253.578323,96883400
2019-01-28,263.390015,263.829987,261.790009,263.76001,251.651062,85613700
2019-01-29,263.920013,264.549988,262.480011,263.410004,251.3172,66136300
2019-01-30,265.100006,268.519989,264.25,267.579987,255.295685,92473700
2019-01-31,267.51001,270.470001,267.269989,269.929993,257.537842,104012100
2019-02-01,270.149994,271.200012,269.179993,270.059998,257.661865,85782500
2019-02-04,270.109985,272.029999,269.359985,271.959991,259.47464,60744800
2019-02-05,272.440002,273.440002,271.880005,273.100006,260.562347,79552800
2019-02-06,272.790009,273.339996,271.920013,272.73999,260.218811,58347800
2019-02-07,270.940002,271.549988,268.290009,270.140015,257.73819,95482000
2019-02-08,268.75,270.579987,267.829987,270.470001,258.05304,75788900
2019-02-11,271.200012,271.48999,270.029999,270.619995,258.196167,68021400
2019-02-12,272.420013,274.519989,272.339996,274.100006,261.516418,72270200
2019-02-13,275.029999,275.929993,274.559998,274.98999,262.36557,65277200
2019-02-14,273.779999,275.640015,272.869995,274.380005,261.783569,83234400
2019-02-15,276.359985,277.410004,276.130005,277.369995,264.636292,97088700
2019-02-19,276.480011,278.579987,276.470001,277.850006,265.09433,59120800
2019-02-20,277.809998,278.920013,277.25,278.410004,265.62854,76610800
2019-02-21,277.700012,278.100006,276.350006,277.420013,264.68396,64214700
2019-02-22,278.109985,279.359985,277.399994,279.140015,266.325012,78114600
2019-02-25,280.730011,281.309998,279.429993,279.519989,266.687592,69030700
2019-02-26,279.130005,280.299988,278.899994,279.320007,266.496704,56844100
2019-02-27,278.519989,279.589996,277.480011,279.200012,266.382233,56921600
2019-02-28,278.959991,279.450012,278.320007,278.679993,265.886139,69268300
2019-03-01,280.440002,280.880005,278.820007,280.420013,267.546265,78880500
2019-03-04,281.600006,281.869995,276.839996,279.399994,266.573029,106494600
2019-03-05,279.540009,279.76001,278.410004,279.019989,266.210541,59114600
2019-03-06,279.149994,279.160004,276.970001,277.329987,264.598083,75039800
2019-03-07,276.829987,276.98999,274.070007,275.01001,262.384613,94885100
2019-03-08,272.940002,274.649994,272.420013,274.459991,261.859894,85795800
2019-03-11,275.26001,278.619995,275.230011,278.440002,265.657196,65098900
2019-03-12,279.059998,280.070007,278.850006,279.48999,266.658936,79667500
2019-03-13,280.480011,282.380005,280.299988,281.339996,268.42395,80639200
2019-03-14,281.369995,281.839996,280.670013,281.160004,268.252289,67518400
2019-03-15,280.540009,282.209991,280.329987,281.309998,269.577606,81309000
2019-03-18,281.549988,282.660004,281.299988,282.329987,270.555023,62199800
2019-03-19,283.51001,284.359985,281.410004,282.399994,270.622162,90268100
2019-03-20,282.160004,283.5,280.320007,281.549988,269.807587,84609200
2019-03-21,280.640015,285.179993,280.589996,284.730011,272.85498,79550400
2019-03-22,283.220001,283.799988,279.179993,279.25,267.603546,122659300
2019-03-25,278.869995,280.190002,277.640015,279.040009,267.402283,85575200
2019-03-26,280.98999,282.179993,279.559998,281.119995,269.395538,68125900
2019-03-27,281.109985,281.76001,277.929993,279.649994,267.986847,72224700
2019-03-28,280.350006,281.209991,279.070007,280.709991,269.002594,56238500
2019-03-29,282.390015,282.839996,281.140015,282.480011,270.698822,82186800
2019-04-01,284.700012,286.160004,284.399994,285.829987,273.909088,77617900
2019-04-02,286.040009,286.230011,285.089996,285.970001,274.043274,40070400
2019-04-03,287.320007,287.76001,285.75,286.420013,274.474426,68243200
2019-04-04,286.779999,287.459991,286.01001,287.179993,275.202789,48997500
2019-04-05,287.920013,288.630005,287.600006,288.570007,276.534821,58621700
2019-04-08,288.100006,288.910004,287.369995,288.790009,276.745697,53566300
2019-04-09,287.720001,288.079987,286.700012,287.309998,275.327362,66142300
2019-04-10,287.769989,288.390015,287.309998,288.290009,276.26651,52601500
2019-04-11,288.829987,288.839996,287.579987,288.209991,276.189789,55093100
2019-04-12,290,290.470001,288.26001,290.160004,278.058502,69727800
2019-04-15,290.23999,290.350006,289.079987,289.970001,277.876434,49596700
2019-04-16,290.950012,291.01001,289.5,290.160004,278.058502,52153200
2019-04-17,291.399994,291.429993,288.98999,289.450012,277.378174,58268300
2019-04-18,290.100006,290.320007,288.660004,290.019989,277.924347,68708500
2019-04-22,289.170013,290.440002,289.070007,290.269989,278.163879,40160100
2019-04-23,290.679993,293.140015,290.420013,292.880005,280.66507,52246600
2019-04-24,292.790009,293.160004,292.070007,292.230011,280.042175,50392900
2019-04-25,292.119995,292.779999,290.730011,292.049988,279.86969,57770900
2019-04-26,292.100006,293.48999,291.23999,293.410004,281.172943,50916400
2019-04-29,293.51001,294.450012,293.410004,293.869995,281.61377,57197700
2019-04-30,293.48999,294.339996,291.920013,294.019989,281.757507,81111700
2019-05-01,294.720001,294.950012,291.799988,291.809998,279.639709,71671900
2019-05-02,291.679993,292.700012,289.519989,291.179993,279.03598,65030200
2019-05-03,292.820007,294.339996,291.299988,294.029999,281.76709,56543700
2019-05-06,289.25,293.309998,288.899994,292.820007,280.607544,107198100
2019-05-07,290.149994,290.809998,285.809998,287.929993,275.921478,144729900
2019-05-08,287.529999,289.429993,286.869995,287.529999,275.538208,91568300
2019-05-09,285.230011,287.329987,283.299988,286.660004,274.704468,103471100
2019-05-10,285.619995,288.940002,282.299988,288.100006,276.084412,112429300
2019-05-13,282.420013,283.48999,279.929993,280.859985,269.146362,127290500
2019-05-14,281.98999,285.100006,281.850006,283.399994,271.580444,77003200
2019-05-15,281.589996,285.769989,281.359985,285.059998,273.171173,73956400
2019-05-16,285.839996,289.209991,285.76001,287.700012,275.701111,76749600
2019-05-17,285.140015,288.600006,285.119995,285.839996,273.918671,100353000
2019-05-20,284.059998,285.959991,283.119995,283.950012,272.107513,62877600
2019-05-21,285.829987,286.929993,285.549988,286.51001,274.560699,46847100
2019-05-22,285.450012,286.690002,285.100006,285.630005,273.717407,49482500
2019-05-23,283.160004,283.209991,280.570007,282.140015,270.373047,98733800
2019-05-24,283.73999,284.200012,282.089996,282.779999,270.986298,55268100
2019-05-28,283.089996,284.149994,280.130005,280.149994,268.466003,70029400
2019-05-29,278.910004,279.359985,276.709991,278.269989,266.664337,104972900
2019-05-30,279.109985,280.040009,277.809998,279.029999,267.39267,62523800
2019-05-31,276.200012,277.119995,275.23999,275.269989,263.78949,86862800
2019-06-03,275.309998,276.549988,273.089996,274.570007,263.118744,96428000
2019-06-04,277.119995,280.679993,276.619995,280.529999,268.830139,77231900
2019-06-05,282.329987,282.98999,280.320007,282.959991,271.158722,71169700
2019-06-06,283.290009,285.549988,282.570007,284.799988,272.921997,69430400
2019-06-07,285.929993,288.850006,285.73999,287.649994,275.653168,74272200
2019-06-10,289.369995,290.820007,288.869995,288.970001,276.918091,60799100
2019-06-11,290.98999,291.399994,288.179993,288.899994,276.851074,58641300
2019-06-12,288.640015,289.26001,287.820007,288.390015,276.362335,47096300
2019-06-13,289.399994,289.980011,288.619995,289.579987,277.502655,48945200
2019-06-14,289.26001,289.929993,288.410004,289.26001,277.196014,52324700
2019-06-17,289.519989,290.220001,289.179993,289.369995,277.301453,39205700
2019-06-18,291.390015,293.570007,290.98999,292.399994,280.205109,85434800
2019-06-19,292.549988,293.649994,291.470001,293.059998,280.837585,78674400
2019-06-20,296.040009,296.309998,293.130005,295.859985,283.520782,116570000
2019-06-21,294.130005,295.519989,293.76001,294,283.108612,83309500
2019-06-24,294.230011,294.579987,293.470001,293.640015,282.761963,47582700
2019-06-25,293.700012,293.730011,290.640015,290.76001,279.988678,82028700
2019-06-26,291.75,292.309998,290.350006,290.470001,279.709412,51584900
2019-06-27,291.309998,292.059998,290.890015,291.5,280.701202,40355200
2019-06-28,292.579987,293.549988,292.01001,293,282.145691,59350900
2019-07-01,296.679993,296.920013,294.329987,295.660004,284.707153,78705600
2019-07-02,295.609985,296.48999,294.679993,296.429993,285.448639,61504500
2019-07-03,297.179993,298.820007,297.019989,298.799988,287.730835,40898900
2019-07-05,297.440002,298.640015,296.01001,298.459991,287.403442,51677300
2019-07-08,297.01001,298.26001,296.220001,296.820007,285.824158,45841800
2019-07-09,295.540009,297.519989,295.480011,297.190002,286.180481,41101300
2019-07-10,298.369995,299.660004,297.779999,298.609985,287.547852,58448500
2019-07-11,299.320007,299.579987,298.200012,299.309998,288.221924,50826100
2019-07-12,299.850006,300.730011,299.51001,300.649994,289.512268,40326000
2019-07-15,301.130005,301.130005,300.190002,300.75,289.608582,33900000
2019-07-16,300.649994,300.880005,299.440002,299.779999,288.6745,36650100
2019-07-17,299.75,299.929993,297.73999,297.73999,286.710052,36036300
2019-07-18,297.190002,299.25,296.700012,298.829987,287.759674,51392600
2019-07-19,300.040009,300.070007,296.980011,297.170013,286.161224,58678600
2019-07-22,297.609985,298.5,297.040009,297.899994,286.864136,43638100
2019-07-23,299.140015,300.029999,298.220001,300.029999,288.915253,44564500
2019-07-24,299.190002,301.440002,299.089996,301.440002,290.27301,47213200
2019-07-25,300.940002,301,299.109985,300,288.886353,55394100
2019-07-26,300.76001,302.230011,300.619995,302.01001,290.821869,45084100
2019-07-29,301.880005,302.01001,300.850006,301.459991,290.292236,38126500
2019-07-30,299.910004,301.170013,299.48999,300.720001,289.579681,45849000
2019-07-31,300.98999,301.200012,295.200012,297.429993,286.41153,104245200
2019-08-01,297.600006,300.869995,293.959991,294.839996,283.917542,142646600
2019-08-02,293.850006,294.119995,290.899994,292.619995,281.779755,116749700
2019-08-05,288.089996,288.209991,281.720001,283.820007,273.305725,178745400
2019-08-06,285.910004,288.040009,284.279999,287.799988,277.138306,120711700
2019-08-07,284.399994,288.820007,282.040009,287.970001,277.302032,140572300
2019-08-08,289.619995,293.619995,289.01001,293.619995,282.742737,87713900
2019-08-09,292.579987,293.23999,289.649994,291.619995,280.816833,93730000
2019-08-12,289.959991,291.609985,287.019989,288.070007,277.398315,65527600
2019-08-13,287.73999,294.149994,287.359985,292.549988,281.712311,94299800
2019-08-14,288.070007,288.73999,283.76001,283.899994,273.382751,135622100
2019-08-15,284.880005,285.640015,282.390015,284.649994,274.10498,99556600
2019-08-16,286.480011,289.329987,284.709991,288.850006,278.149414,83018300
2019-08-19,292.190002,293.079987,291.440002,292.329987,281.500458,53571800
2019-08-20,291.769989,292.359985,289.950012,290.089996,279.343506,51596400
2019-08-21,292.480011,292.859985,291.720001,292.450012,281.616058,49524700
2019-08-22,293.230011,293.929993,290.399994,292.359985,281.529358,51666400
2019-08-23,290.920013,292.76001,283.470001,284.850006,274.297607,149161500
2019-08-26,287.269989,288,285.579987,288,277.330933,72423800
2019-08-27,289.540009,289.950012,286.029999,286.869995,276.242798,66668900
2019-08-28,286.140015,289.070007,285.25,288.890015,278.187958,59696700
2019-08-29,291.720001,293.160004,290.609985,292.579987,281.741211,57899400
2019-08-30,294.220001,294.23999,291.420013,292.450012,281.616058,62901200
2019-09-03,290.570007,291.579987,289.269989,290.73999,279.969391,69101400
2019-09-04,293.140015,294.059998,292.309998,294.040009,283.147186,46887300
2019-09-05,296.790009,298.829987,294,297.820007,286.78714,83258100
2019-09-06,298.170013,298.76001,297.420013,298.049988,287.008575,49584300
2019-09-09,299.140015,299.23999,297.160004,298.200012,287.153046,51260300
2019-09-10,297.359985,298.200012,295.970001,298.130005,287.085632,57947100
2019-09-11,298.470001,300.339996,297.75,300.25,289.127075,68821100
2019-09-12,301.25,302.459991,300.410004,301.290009,290.128601,72908700
2019-09-13,301.779999,302.170013,300.679993,301.089996,289.936035,62104800
2019-09-16,299.839996,301.140015,299.450012,300.160004,289.040466,58191200
2019-09-17,299.940002,301.019989,299.75,300.920013,289.772308,41475500
2019-09-18,300.48999,301.220001,298.23999,301.100006,289.945618,73375800
2019-09-19,301.529999,302.630005,300.709991,301.079987,289.926361,76560500
2019-09-20,300.359985,300.670013,297.410004,298.279999,288.556488,89565000
2019-09-23,297.549988,299,297.269989,298.209991,288.4888,43476800
2019-09-24,299.410004,299.839996,294.809998,295.869995,286.225067,94869400
2019-09-25,295.959991,298.109985,294.329987,297.619995,287.91803,71854000
2019-09-26,297.630005,297.859985,295.450012,297,287.318207,56179700
2019-09-27,297.829987,297.950012,293.690002,295.399994,285.770355,84746600
2019-09-30,295.970001,297.549988,295.920013,296.769989,287.095734,51662400
2019-10-01,297.73999,298.459991,293,293.23999,283.680786,88242400
2019-10-02,291.5,291.51001,286.640015,288.059998,278.669617,122539500
2019-10-03,287.809998,290.450012,284.820007,290.420013,280.952728,85278800
2019-10-04,291.140015,294.630005,291.079987,294.350006,284.754639,65091200
2019-10-07,293.470001,295.26001,292.769989,293.079987,283.526001,59610500
2019-10-08,291.040009,291.850006,288.48999,288.529999,279.124329,95708100
2019-10-09,290.75,292.299988,290.059998,291.269989,281.774994,62359400
2019-10-10,291.179993,294.209991,291,293.23999,283.680786,55296300
2019-10-11,296.269989,298.73999,296.140015,296.279999,286.621674,98720400
2019-10-14,295.929993,296.670013,295.570007,295.950012,286.30246,40394800
2019-10-15,297.100006,299.700012,296.970001,298.880005,289.136932,46754500
2019-10-16,298.369995,299.160004,297.920013,298.399994,288.672577,48928200
2019-10-17,299.679993,300.23999,298.519989,299.279999,289.523895,45736600
2019-10-18,298.690002,299.399994,297.029999,297.970001,288.256622,64304000
2019-10-21,299.420013,300.209991,298.940002,299.98999,290.210754,39048600
2019-10-22,300.579987,300.899994,298.910004,299.01001,289.262726,48594700
2019-10-23,298.730011,299.940002,298.5,299.880005,290.10434,34352200
2019-10-24,300.910004,301.070007,299.459991,300.369995,290.578369,35453100
2019-10-25,299.73999,302.200012,299.679993,301.600006,291.76828,45205400
2019-10-28,302.940002,303.850006,302.910004,303.299988,293.412842,42147000
2019-10-29,303,304.230011,302.859985,303.209991,293.325806,44284900
2019-10-30,303.429993,304.549988,301.98999,304.140015,294.225494,49643900
2019-10-31,304.130005,304.130005,301.730011,303.329987,293.441864,69053800
2019-11-01,304.920013,306.190002,304.73999,306.140015,296.160248,71141500
2019-11-04,307.850006,308,306.959991,307.369995,297.35022,60606900
2019-11-05,307.589996,307.920013,306.709991,307.029999,297.021271,42933200
2019-11-06,307.029999,307.399994,306.059998,307.100006,297.088959,46487100
2019-11-07,308.570007,309.649994,307.660004,308.179993,298.133759,54272300
2019-11-08,307.799988,309,307.029999,308.940002,298.868988,49032100
2019-11-11,307.420013,308.540009,307.269989,308.350006,298.298218,35797300
2019-11-12,308.75,309.98999,308.149994,309,298.927032,46484600
2019-11-13,307.910004,309.540009,307.660004,309.100006,299.023773,53917700
2019-11-14,308.790009,309.640015,308.089996,309.549988,299.459106,51219900
2019-11-15,311.019989,311.839996,310.26001,311.790009,301.626129,62023600
2019-11-18,311.529999,312.279999,311.029999,312.019989,301.848572,49228000
2019-11-19,312.679993,312.690002,311.220001,311.929993,301.761505,67804700
2019-11-20,311.279999,311.850006,309.059998,310.769989,300.639313,79406200
2019-11-21,310.890015,311.01001,309.390015,310.269989,300.15567,54664700
2019-11-22,311.089996,311.23999,309.850006,310.959991,300.823151,44850200
2019-11-25,311.980011,313.369995,311.980011,313.369995,303.154633,48647200
2019-11-26,313.410004,314.279999,313.059998,314.079987,303.841492,37569000
2019-11-27,314.609985,315.480011,314.369995,315.480011,305.195831,44444600
2019-11-29,314.859985,315.130005,314.059998,314.309998,304.063965,36592700
2019-12-02,314.589996,314.660004,311.170013,311.640015,301.480988,75767800
2019-12-03,308.649994,309.640015,307.130005,309.549988,299.459106,73941700
2019-12-04,310.700012,312.119995,310.320007,311.459991,301.306824,49080000
2019-12-05,312.230011,312.25,310.579987,312.019989,301.848572,40709000
2019-12-06,314.119995,315.309998,314.109985,314.869995,304.605682,48927000
2019-12-09,314.440002,315.179993,313.799988,313.880005,303.647949,34838500
2019-12-10,313.820007,314.549988,312.809998,313.529999,303.309387,52649800
2019-12-11,314.029999,314.700012,313.440002,314.420013,304.17041,53429100
2019-12-12,314.429993,317.98999,314.170013,317.130005,306.792023,96389600
2019-12-13,316.869995,318.670013,316.019989,317.320007,306.975861,81503900
2019-12-16,319.220001,320.149994,317.25,319.5,309.084808,82749700
2019-12-17,319.920013,320.25,319.480011,319.570007,309.152496,61097700
2019-12-18,320,320.25,319.529999,319.589996,309.171844,48133000
2019-12-19,319.799988,320.980011,319.519989,320.899994,310.439117,85310500
2019-12-20,320.459991,321.970001,319.390015,320.730011,311.800171,147142100
2019-12-23,321.589996,321.649994,321.059998,321.220001,312.27652,52990000
2019-12-24,321.470001,321.519989,320.899994,321.230011,312.286194,20270000
2019-12-26,321.649994,322.950012,321.640015,322.940002,313.948608,30911200
2019-12-27,323.73999,323.799988,322.279999,322.859985,313.870819,42528800
2019-12-30,322.950012,323.100006,320.549988,321.079987,312.140381,49729100
2019-12-31,320.529999,322.130005,320.149994,321.859985,312.898651,57077300
2020-01-02,323.540009,324.890015,322.529999,324.869995,315.82486,59151200
2020-01-03,321.160004,323.640015,321.100006,322.410004,313.43335,77709700
2020-01-06,320.48999,323.730011,320.359985,323.640015,314.62912,55653900
2020-01-07,323.019989,323.540009,322.23999,322.730011,313.744507,40496400
2020-01-08,322.940002,325.779999,322.670013,324.450012,315.416595,68296000
2020-01-09,326.160004,326.730011,325.519989,326.649994,317.555298,48473300
2020-01-10,327.290009,327.459991,325.200012,325.709991,316.641449,53029300
2020-01-13,326.390015,327.959991,325.920013,327.950012,318.819153,47086800
2020-01-14,327.470001,328.619995,326.839996,327.450012,318.333069,62832800
2020-01-15,327.350006,329.019989,327.26001,328.190002,319.05246,72056600
2020-01-16,329.700012,330.920013,329.450012,330.920013,321.706451,54050300
2020-01-17,331.700012,332.179993,330.850006,331.950012,322.707733,95846000
2020-01-21,330.899994,332.179993,330.820007,331.299988,322.075836,77742400
2020-01-22,332.23999,332.950012,331.170013,331.339996,322.114777,48914900
2020-01-23,330.630005,332.170013,329.410004,331.720001,322.484131,51963000
2020-01-24,332.440002,332.529999,327.359985,328.769989,319.616302,87578400
2020-01-27,323.029999,325.119995,322.660004,323.5,314.493042,84062500
2020-01-28,325.059998,327.850006,323.600006,326.890015,317.788635,63834000
2020-01-29,328.380005,328.630005,326.399994,326.619995,317.526123,53888900
2020-01-30,324.359985,327.910004,323.540009,327.679993,318.556641,75491800
2020-01-31,327,327.170013,320.730011,321.730011,312.772308,113845600
2020-02-03,323.350006,326.160004,323.220001,324.119995,315.095764,69083000
2020-02-04,328.070007,330.01001,327.720001,329.059998,319.898254,62573200
2020-02-05,332.269989,333.089996,330.670013,332.859985,323.592407,65951100
2020-02-06,333.910004,334.190002,332.799988,333.980011,324.681244,50359700
2020-02-07,332.820007,333.98999,331.600006,332.200012,322.950775,64139400
2020-02-10,331.230011,334.75,331.190002,334.679993,325.361725,42070000
2020-02-11,336.160004,337.019989,334.679993,335.26001,325.925598,54864500
2020-02-12,336.829987,337.649994,336.429993,337.420013,328.025452,43992700
2020-02-13,335.859985,338.119995,335.559998,337.059998,327.675507,54501900
2020-02-14,337.51001,337.730011,336.200012,337.600006,328.200409,64582200
2020-02-18,336.51001,337.670013,335.209991,336.730011,327.354675,57226200
2020-02-19,337.790009,339.079987,337.480011,338.339996,328.91983,48814700
2020-02-20,337.73999,338.640015,333.679993,336.950012,327.568542,74163400
2020-02-21,335.470001,335.809998,332.579987,333.480011,324.19519,113788200
2020-02-24,323.140015,333.559998,321.23999,322.420013,313.443085,161088400
2020-02-25,323.940002,324.609985,311.690002,312.649994,303.945129,218913200
2020-02-26,314.179993,318.109985,310.700012,311.5,302.827118,194773800
2020-02-27,305.459991,311.559998,297.51001,297.51001,289.226654,284353500
2020-02-28,288.700012,297.890015,285.540009,296.26001,288.011444,384975800
2020-03-02,298.209991,309.160004,294.459991,309.089996,300.484192,238703600
2020-03-03,309.5,313.839996,297.570007,300.23999,291.880615,300139100
2020-03-04,306.119995,313.100006,303.329987,312.859985,304.149261,176613400
2020-03-05,304.980011,308.470001,300.01001,302.459991,294.038849,186366800
2020-03-06,293.149994,298.779999,290.230011,297.459991,289.17804,228667200
2020-03-09,275.299988,284.190002,273.450012,274.230011,266.594818,309417300
2020-03-10,284.640015,288.519989,273.5,288.420013,280.389709,276444100
2020-03-11,280.700012,281.940002,270.880005,274.359985,266.721161,255316300
2020-03-12,256,266.660004,247.679993,248.110001,241.202042,392220700
2020-03-13,263.089996,271.480011,248.520004,269.320007,261.821503,329566100
2020-03-16,241.179993,256.899994,237.360001,239.850006,233.172028,297240000
2020-03-17,245.039993,256.170013,237.070007,252.800003,245.761459,262070500
2020-03-18,236.25,248.369995,228.020004,240,233.317856,327597100
2020-03-19,239.25,247.380005,232.220001,240.509995,233.813644,289322000
2020-03-20,242.529999,244.470001,228.5,228.800003,223.73764,347158800
2020-03-23,228.190002,229.679993,218.259995,222.949997,218.017075,326025200
2020-03-24,234.419998,244.100006,233.800003,243.149994,237.770126,235494500
2020-03-25,244.869995,256.350006,239.75,246.789993,241.329559,299430300
2020-03-26,249.520004,262.799988,249.050003,261.200012,255.420776,257632800
2020-03-27,253.270004,260.809998,251.050003,253.419998,247.812897,224341200
2020-03-30,255.699997,262.429993,253.529999,261.649994,255.860825,171369500
2020-03-31,260.559998,263.329987,256.220001,257.75,252.047089,194881100
2020-04-01,247.979996,257.660004,243.899994,246.149994,240.703735,189554600
2020-04-02,245.190002,252.679993,244.589996,251.830002,246.258087,177660400
2020-04-03,250.759995,253.320007,245.220001,248.190002,242.698624,135561200
2020-04-06,257.839996,267,248.169998,264.859985,258.999786,188061200
2020-04-07,274.209991,275.029999,264.890015,265.130005,259.263794,201427200
2020-04-08,267.959991,276,265.25,274.029999,267.966919,153774500
2020-04-09,277.579987,281.200012,275.470001,278.200012,272.044617,189999200
2020-04-13,277.140015,277.51001,271.410004,275.660004,269.560822,114839100
2020-04-14,280.980011,284.899994,275.51001,283.790009,277.510925,134143400
2020-04-15,277.570007,283.940002,275.459991,277.76001,271.61438,121775000
2020-04-16,279.149994,280.029999,275.76001,279.100006,272.924744,131798300
2020-04-17,285.380005,287.299988,282.399994,286.640015,280.297913,146684800
2020-04-20,282.609985,286.790009,281.350006,281.589996,275.359619,100109300
2020-04-21,276.730011,278.040009,272.019989,273.040009,266.99881,126385700
2020-04-22,278.350006,281,276.910004,279.100006,272.924744,92951600
2020-04-23,280.48999,283.940002,278.75,279.079987,272.905182,104709700
2020-04-24,280.730011,283.700012,278.5,282.970001,276.709045,85063200
2020-04-27,285.119995,288.269989,284.619995,287.049988,280.698822,77896600
2020-04-28,291.019989,291.399994,285.399994,285.730011,279.40802,105270000
2020-04-29,291.529999,294.880005,290.410004,293.209991,286.722534,118745600
2020-04-30,291.709991,293.320007,288.589996,290.480011,284.052948,122901700
2020-05-01,285.309998,290.660004,281.519989,282.790009,276.533081,125180000
2020-05-04,280.73999,283.899994,279.130005,283.570007,277.295776,80873200
2020-05-05,286.640015,289.25,283.709991,286.190002,279.857819,79569900
2020-05-06,288.040009,288.459991,283.779999,284.25,277.960785,73632600
2020-05-07,287.75,289.779999,287.130005,287.679993,281.31488,75250400
2020-05-08,291.089996,292.950012,289.859985,292.440002,285.969574,76452400
2020-05-11,290.339996,294,289.880005,292.5,286.028168,79514200
2020-05-12,293.790009,294.23999,286.519989,286.670013,280.327209,95870800
2020-05-13,286.059998,287.190002,278.959991,281.600006,275.369385,144721100
2020-05-14,278.950012,285.109985,272.98999,284.970001,278.664825,121977900
2020-05-15,282.369995,286.329987,281.339996,286.279999,279.945831,111146300
2020-05-18,293.049988,296.75,292.700012,295,288.472931,119703800
2020-05-19,294.350006,296.209991,291.950012,291.970001,285.509949,95189300
2020-05-20,295.820007,297.869995,295.570007,296.929993,290.360229,85861700
2020-05-21,296.790009,297.670013,293.690002,294.880005,288.355591,78293900
2020-05-22,294.570007,295.630005,293.220001,295.440002,288.903198,63958200
2020-05-26,301.929993,302.190002,295.459991,299.079987,292.462616,88951400
2020-05-27,302.119995,303.570007,296.869995,303.529999,296.814209,104817400
2020-05-28,304.649994,306.839996,302.23999,302.970001,296.266541,90405200
2020-05-29,302.459991,304.959991,299.470001,304.320007,297.5867,119090800
2020-06-01,303.619995,306.209991,303.059998,305.549988,298.789459,55758300
2020-06-02,306.549988,308.130005,305.100006,308.079987,301.263519,74267200
2020-06-03,310.23999,313.220001,309.940002,312.179993,305.272766,92567600
2020-06-04,311.109985,313,309.079987,311.359985,304.470947,75794400
2020-06-05,317.230011,321.269989,317.160004,319.339996,312.274384,150524700
2020-06-08,320.220001,323.410004,319.630005,323.200012,316.048981,73641200
2020-06-09,320.299988,323.279999,319.359985,320.790009,313.692261,77479200
2020-06-10,321.420013,322.390015,318.220001,319,311.941895,95000800
2020-06-11,311.459991,312.149994,300.01001,300.609985,293.958771,209243600
2020-06-12,308.23999,309.079987,298.600006,304.209991,297.479126,194678900
2020-06-15,298.019989,308.279999,296.73999,307.049988,300.256287,135782700
2020-06-16,315.480011,315.640015,307.670013,312.959991,306.035492,137627500
2020-06-17,314.070007,314.390015,310.859985,311.660004,304.764313,83398900
2020-06-18,310.01001,312.299988,309.51001,311.779999,304.881653,80828700
2020-06-19,314.170013,314.380005,306.529999,308.640015,303.139252,135549600
2020-06-22,307.98999,311.049988,306.75,310.619995,305.083984,74649400
2020-06-23,313.48999,314.5,311.609985,312.049988,306.488464,68471200
2020-06-24,309.839996,310.51001,302.100006,304.089996,298.67038,132813500
2020-06-25,303.470001,307.640015,301.279999,307.350006,301.872284,89468000
2020-06-26,306.160004,306.390015,299.420013,300.049988,294.702362,127961000
2020-06-29,301.410004,304.609985,298.929993,304.459991,299.033752,79773300
2020-06-30,303.98999,310.200012,303.820007,308.359985,302.864227,113394800
2020-07-01,309.570007,311.890015,309.070007,310.519989,304.985718,72396500
2020-07-02,314.23999,315.700012,311.51001,312.230011,306.665283,69344200
2020-07-06,316.369995,317.679993,315.559998,317.049988,311.399353,61713800
2020-07-07,315.380005,317.519989,313.369995,313.779999,308.187622,82910000
2020-07-08,314.609985,316.299988,312.700012,316.179993,310.544861,54638600
2020-07-09,316.839996,317.100006,310.679993,314.380005,308.776978,83354200
2020-07-10,314.309998,317.880005,312.76001,317.589996,311.929749,57550400
2020-07-13,320.130005,322.709991,314.130005,314.839996,309.22876,102997500
2020-07-14,313.299988,319.76001,312,318.920013,313.236053,93657000
2020-07-15,322.410004,323.040009,319.269989,321.850006,316.113831,87196500
2020-07-16,319.790009,321.279999,319.089996,320.790009,315.072693,54622500
2020-07-17,321.880005,322.570007,319.73999,321.720001,315.986145,62774900
2020-07-20,321.429993,325.130005,320.619995,324.320007,318.539795,56308800
2020-07-21,326.450012,326.929993,323.940002,325.01001,319.217529,57292200
2020-07-22,324.619995,327.200012,324.5,326.859985,321.034515,57792900
2020-07-23,326.470001,327.230011,321.480011,322.959991,317.204041,75738000
2020-07-24,320.950012,321.98999,319.25,320.880005,315.161102,73766600
2020-07-27,321.630005,323.410004,320.769989,323.220001,317.459412,48293000
2020-07-28,322.429993,323.640015,320.850006,321.170013,315.445984,57495000
2020-07-29,322.119995,325.730011,322.079987,325.119995,319.3255,48454200
2020-07-30,321.899994,324.410004,319.640015,323.959991,318.186218,61861700
2020-07-31,325.899994,326.630005,321.329987,326.519989,320.700592,84986800
2020-08-03,328.320007,329.619995,327.730011,328.790009,322.930115,53077900
2020-08-04,327.859985,330.059998,327.859985,330.059998,324.177521,41917900
2020-08-05,331.470001,332.390015,331.179993,332.109985,326.190979,42697700
2020-08-06,331.480011,334.459991,331.130005,334.329987,328.371399,43679400
2020-08-07,333.279999,334.880005,332.299988,334.570007,328.607147,57308300
2020-08-10,335.059998,335.769989,332.959991,335.570007,329.589294,44282100
2020-08-11,336.850006,337.540009,332.01001,332.799988,326.868683,69601100
2020-08-12,335.440002,338.279999,335.410004,337.440002,331.425964,53774400
2020-08-13,336.609985,338.25,335.829987,336.829987,330.826843,41816100
2020-08-14,336.410004,337.420013,335.619995,336.839996,330.836639,47260400
2020-08-17,337.940002,338.339996,336.850006,337.910004,331.887604,35481000
2020-08-18,338.339996,339.100006,336.609985,338.640015,332.604584,38733900
2020-08-19,339.049988,339.609985,336.619995,337.230011,331.219696,68054200
2020-08-20,335.359985,338.799988,335.220001,338.279999,332.251007,42207800
2020-08-21,337.920013,339.720001,337.549988,339.480011,333.429626,55106600
2020-08-24,342.119995,343,339.450012,342.920013,336.808319,48588700
2020-08-25,343.529999,344.209991,342.269989,344.119995,337.986908,38463400
2020-08-26,344.76001,347.859985,344.170013,347.570007,341.375427,50790200
2020-08-27,348.51001,349.899994,346.529999,348.329987,342.121857,58034100
2020-08-28,349.440002,350.720001,348.149994,350.579987,344.331787,48588900
2020-08-31,350.350006,351.299988,349.059998,349.309998,343.084412,66099200
2020-09-01,350.209991,352.709991,349.23999,352.600006,346.315735,54908700
2020-09-02,354.670013,358.75,353.429993,357.700012,351.32489,69540000
2020-09-03,355.869995,356.380005,342.589996,345.390015,339.234283,148011100
2020-09-04,346.130005,347.829987,334.869995,342.570007,336.464539,139156300
2020-09-08,336.709991,342.640015,332.880005,333.209991,327.271362,114465300
2020-09-09,337.549988,342.459991,336.609985,339.790009,333.7341,91462300
2020-09-10,341.820007,342.529999,332.850006,333.890015,327.93924,90569500
2020-09-11,335.820007,336.970001,331,334.059998,328.106201,84680200
2020-09-14,337.48999,340.380005,334.220001,338.459991,332.427765,65605700
2020-09-15,341.119995,342.019989,338.470001,340.170013,334.1073,52920900
2020-09-16,341.51001,343.059998,338.519989,338.820007,332.781372,82096000
2020-09-17,333.559998,337.700012,332.98999,335.839996,329.854462,91523300
2020-09-18,335.369995,335.48999,327.970001,330.649994,326.056946,105877900
2020-09-21,325.700012,327.130005,321.730011,326.970001,322.428101,99450800
2020-09-22,328.570007,330.899994,325.859985,330.299988,325.711853,63612100
2020-09-23,330.899994,331.200012,322.100006,322.640015,318.158234,93112200
2020-09-24,321.220001,326.799988,319.799988,323.5,319.006317,76681300
2020-09-25,322.579987,329.579987,321.640015,328.730011,324.163666,71069400
2020-09-28,333.220001,334.959991,332.149994,334.190002,329.547791,64584600
2020-09-29,333.970001,334.769989,331.619995,332.369995,327.753082,51304000
2020-09-30,333.089996,338.290009,332.880005,334.890015,330.238129,104081100
2020-10-01,337.690002,338.73999,335.01001,337.040009,332.358246,88698700
2020-10-02,331.700012,337.01001,331.190002,333.839996,329.202637,89431100
2020-10-05,336.059998,339.959991,336.01001,339.76001,335.040436,45713100
2020-10-06,339.910004,342.170013,334.380005,334.929993,330.277496,90128900
2020-10-07,338.119995,341.630005,338.089996,340.76001,336.02652,56999600
2020-10-08,342.850006,343.850006,341.859985,343.779999,339.004578,45242500
2020-10-09,345.559998,347.350006,344.890015,346.850006,342.031952,59528600
2020-10-12,349.589996,354.019989,349.059998,352.429993,347.534454,80388500
2020-10-13,352.279999,352.470001,349.089996,350.130005,345.266418,73255500
2020-10-14,350.75,351.929993,347.140015,347.929993,343.096954,57727900
2020-10-15,343.709991,348.019989,343.130005,347.5,342.672943,60357700
2020-10-16,348.959991,350.75,347.100006,347.290009,342.46582,89501900
2020-10-19,348.649994,349.329987,341.040009,342.01001,337.259155,68425600
2020-10-20,343.459991,346.880005,342.640015,343.380005,338.610138,60051900
2020-10-21,343.329987,345.670013,342.399994,342.730011,337.969177,63575000
2020-10-22,342.959991,345.23999,340.649994,344.609985,339.823029,55399300
2020-10-23,345.929993,345.98999,343.130005,345.779999,340.976807,49143900
2020-10-26,342.130005,342.980011,335.619995,339.390015,334.675598,91473000
2020-10-27,339.76001,340.119995,337.98999,338.220001,333.52182,65994100
2020-10-28,332.100006,338.25,326.130005,326.660004,322.122375,127094300
2020-10-29,326.910004,333.399994,325.089996,329.980011,325.396301,90597700
2020-10-30,328.279999,329.690002,322.600006,326.540009,322.004089,120287300
2020-11-02,330.200012,332.359985,327.23999,330.200012,325.613251,86068300
2020-11-03,333.690002,338.25,330.290009,336.029999,331.362244,93294200
2020-11-04,340.859985,347.940002,339.589996,343.540009,338.767914,126959700
2020-11-05,349.23999,352.190002,348.859985,350.23999,345.374847,82039700
2020-11-06,349.929993,351.51001,347.649994,350.160004,345.295929,74973000
2020-11-09,363.970001,364.380005,354.059998,354.559998,349.634857,172304200
2020-11-10,353.48999,355.179993,350.51001,354.040009,349.12207,85552000
2020-11-11,356.399994,357.559998,355.059998,356.670013,351.715546,58649000
2020-11-12,355.579987,356.720001,351.26001,353.209991,348.303558,67546200
2020-11-13,355.269989,358.899994,354.709991,358.100006,353.125702,62892200
2020-11-16,360.980011,362.779999,359.589996,362.570007,357.5336,74541100
2020-11-17,359.970001,361.920013,358.339996,360.619995,355.610687,66111000
2020-11-18,360.910004,361.5,356.23999,356.279999,351.330994,70591300
2020-11-19,355.600006,358.179993,354.149994,357.779999,352.81012,59940900
2020-11-20,357.5,357.720001,355.25,355.329987,350.394135,70417300
2020-11-23,357.279999,358.820007,354.869995,357.459991,352.494568,63230600
2020-11-24,360.209991,363.809998,359.290009,363.220001,358.17453,62415900
2020-11-25,363.130005,363.160004,361.480011,362.660004,357.622345,45330900
2020-11-27,363.839996,364.179993,362.579987,363.670013,358.618317,28514100
2020-11-30,362.829987,363.119995,359.170013,362.059998,357.03064,83872700
2020-12-01,365.570007,367.679993,364.929993,366.019989,360.935638,74231400
2020-12-02,364.820007,366.959991,364.200012,366.790009,361.694946,45927000
2020-12-03,366.679993,368.190002,365.5,366.690002,361.596375,62882000
2020-12-04,367.320007,369.850006,367.220001,369.850006,364.712433,50749900
2020-12-07,369.019989,369.619995,367.720001,369.089996,363.962982,48944300
2020-12-08,367.720001,370.779999,367.670013,370.170013,365.028015,42458900
2020-12-09,370.880005,371.049988,365.950012,366.850006,361.75415,74098300
2020-12-10,365.369995,367.859985,364.429993,366.730011,361.635803,57735400
2020-12-11,364.899994,366.73999,363.26001,366.299988,361.211731,57698600
2020-12-14,368.640015,369.799988,364.470001,364.660004,359.594543,69216200
2020-12-15,367.399994,369.589996,365.920013,369.589996,364.456055,63865300
2020-12-16,369.820007,371.160004,368.869995,370.170013,365.028015,58420500
2020-12-17,371.940002,372.459991,371.049988,372.23999,367.069244,64119500
2020-12-18,370.970001,371.149994,367.019989,369.179993,365.603607,136542300
2020-12-21,364.970001,378.459991,362.029999,367.859985,364.296356,96386700
2020-12-22,368.209991,368.329987,366.029999,367.23999,363.682343,47949000
2020-12-23,368.279999,369.619995,367.220001,367.570007,364.009186,46201400
2020-12-24,368.079987,369.029999,367.450012,369,365.425323,26457900
2020-12-28,371.73999,372.589996,371.070007,372.170013,368.564636,39000400
2020-12-29,373.809998,374,370.829987,371.459991,367.861511,53680500
2020-12-30,372.339996,373.100006,371.570007,371.98999,368.386353,49455300
2020-12-31,371.779999,374.660004,371.230011,373.880005,370.258057,78520700
2021-01-04,375.309998,375.450012,364.820007,368.790009,365.217377,110210800
2021-01-05,368.100006,372.5,368.049988,371.329987,367.732758,66426200
2021-01-06,369.709991,376.980011,369.119995,373.549988,369.931213,107997700
2021-01-07,376.100006,379.899994,375.910004,379.100006,375.42749,68766800
2021-01-08,380.589996,381.48999,377.100006,381.26001,377.566589,71677200
2021-01-11,377.850006,380.579987,377.720001,378.690002,375.021484,51034700
2021-01-12,378.890015,379.859985,376.359985,378.769989,375.100677,52547700
2021-01-13,378.690002,380.859985,377.850006,379.790009,376.11084,45303600
2021-01-14,380.589996,381.130005,378.100006,378.459991,374.793671,49989100
2021-01-15,376.720001,377.579987,373.700012,375.700012,372.060425,107160000
2021-01-19,378.339996,379.230011,376.75,378.649994,374.981842,51233300
2021-01-20,381.109985,384.790009,380.690002,383.890015,380.171082,61836100
2021-01-21,384.48999,384.950012,383.25,384.23999,380.5177,47840100
2021-01-22,382.25,384.130005,381.839996,382.880005,379.170837,52860500
2021-01-25,383.670013,384.769989,378.459991,384.390015,380.66626,70402000
2021-01-26,385.410004,385.850006,383.540009,383.790009,380.072083,42665300
2021-01-27,380.220001,380.320007,372.01001,374.410004,370.782928,123351100
2021-01-28,376.359985,381.929993,375.890015,377.630005,373.971741,94198100
2021-01-29,375.630005,376.670013,368.269989,370.070007,366.484985,126765100
2021-02-01,373.720001,377.339996,370.380005,376.230011,372.585327,75817600
2021-02-02,379.649994,383.220001,376.320007,381.549988,377.85376,64450700
2021-02-03,382.440002,383.700012,380.480011,381.850006,378.150848,52427100
2021-02-04,382.959991,386.23999,381.970001,386.190002,382.448792,47142600
2021-02-05,388.200012,388.470001,386.140015,387.709991,383.954071,48669800
2021-02-08,389.269989,390.559998,388.350006,390.51001,386.726959,38365200
2021-02-09,389.609985,390.890015,389.170013,390.25,386.469482,35551100
2021-02-10,392.119995,392.279999,387.5,390.079987,386.301117,59154400
2021-02-11,391.23999,391.690002,388.100006,390.709991,386.925018,42913300
2021-02-12,389.850006,392.899994,389.769989,392.640015,388.836334,50593300
2021-02-16,393.959991,394.170013,391.529999,392.299988,388.499603,50972400
2021-02-17,390.420013,392.660004,389.329987,392.390015,388.588776,52290600
2021-02-18,389.589996,391.519989,387.73999,390.720001,386.934906,59712800
2021-02-19,392.070007,392.380005,389.549988,390.029999,386.251587,83241000
2021-02-22,387.059998,389.619995,386.73999,387.029999,383.28064,67414200
2021-02-23,384.660004,388.950012,380.200012,387.5,383.746094,107284100
2021-02-24,386.329987,392.230011,385.269989,391.769989,387.974731,72433900
2021-02-25,390.410004,391.880005,380.779999,382.329987,378.62619,146670500
2021-02-26,384.350006,385.579987,378.230011,380.359985,376.675262,152701600
2021-03-01,385.589996,390.920013,380.570007,389.579987,385.805969,105348800
2021-03-02,389.820007,390.070007,386,386.540009,382.795441,79595300
2021-03-03,385.790009,386.829987,381.309998,381.420013,377.725006,119940200
2021-03-04,381.220001,384,371.880005,376.700012,373.050751,183433000
2021-03-05,380.459991,384.76001,372.640015,383.630005,379.913605,152039600
2021-03-08,384.660004,387.679993,381.420013,381.720001,378.022095,123149200
2021-03-09,385.850006,389.910004,385.309998,387.170013,383.419312,113633600
2021-03-10,389.690002,391.399994,388.170013,389.579987,385.805969,109899400
2021-03-11,392.230011,395.649994,391.73999,393.529999,389.717682,86245000
2021-03-12,392.070007,394.209991,391.200012,394.059998,390.242554,64653600
2021-03-15,394.329987,396.690002,392.029999,396.410004,392.569794,73427200
2021-03-16,397.070007,397.829987,395.079987,395.910004,392.074646,73722500
2021-03-17,394.529999,398.119995,393.299988,397.26001,393.411591,97959300
2021-03-18,394.480011,396.720001,390.75,391.480011,387.687561,115349100
2021-03-19,389.880005,391.570007,387.149994,389.480011,386.970245,113624500
2021-03-22,390.029999,394.070007,389.970001,392.589996,390.06015,73778600
2021-03-23,391.910004,393.459991,388.660004,389.5,386.990112,90686600
2021-03-24,391,392.75,387.470001,387.519989,385.022827,97588600
2021-03-25,385.980011,390.549988,383.899994,389.700012,387.188812,116128600
2021-03-26,390.929993,396.410004,390.290009,395.980011,393.428345,114409100
2021-03-29,394.399994,396.75,392.809998,395.779999,393.229645,108107600
2021-03-30,394.420013,395.450012,393.019989,394.730011,392.186401,76262200
2021-03-31,395.339996,398,395.309998,396.329987,393.776062,112734200
2021-04-01,398.399994,400.670013,398.179993,400.609985,398.028473,99682900
2021-04-05,403.459991,406.940002,403.380005,406.359985,403.741425,91684800
2021-04-06,405.76001,407.23999,405.399994,406.119995,403.502991,62021000
2021-04-07,405.940002,406.959991,405.450012,406.589996,403.96994,55836300
2021-04-08,407.929993,408.579987,406.929993,408.519989,405.887512,57863100
2021-04-09,408.390015,411.670013,408.26001,411.48999,408.838379,61104600
2021-04-12,410.850006,411.929993,410.200012,411.640015,408.987427,56704900
2021-04-13,411.529999,413.529999,411.119995,412.859985,410.199524,56551000
2021-04-14,412.829987,413.959991,410.869995,411.450012,408.798645,61659900
2021-04-15,413.73999,416.160004,413.690002,415.869995,413.190155,60229800
2021-04-16,417.25,417.910004,415.730011,417.26001,414.571198,82037300
2021-04-19,416.26001,416.73999,413.790009,415.209991,412.534393,78498500
2021-04-20,413.910004,415.089996,410.589996,412.170013,409.514008,81851800
2021-04-21,411.51001,416.290009,411.359985,416.070007,413.388855,66793000
2021-04-22,415.890015,416.779999,411.130005,412.269989,409.613373,97582800
2021-04-23,412.869995,418.25,412.790009,416.73999,414.054535,73209200
2021-04-26,417.440002,418.220001,416.809998,417.609985,414.918945,52182400
2021-04-27,417.929993,418.140015,416.299988,417.519989,414.829529,51303100
2021-04-28,417.809998,419.01001,416.899994,417.399994,414.710297,51238900
2021-04-29,420.320007,420.720001,416.440002,420.059998,417.353149,78544300
2021-04-30,417.630005,418.540009,416.339996,417.299988,414.610931,85527000
2021-05-03,419.429993,419.839996,417.670013,418.200012,415.505157,68128300
2021-05-04,416.070007,416.600006,411.670013,415.619995,412.941772,101591200
2021-05-05,417.380005,417.630005,415.149994,415.75,413.070953,60162200
2021-05-06,415.829987,419.209991,413.679993,419.070007,416.369537,74321400
2021-05-07,419.890015,422.820007,419.160004,422.119995,419.399872,67733800
2021-05-10,422.5,422.73999,417.809998,417.940002,415.246826,81852400
2021-05-11,413.100006,415.269989,410.059998,414.209991,411.540833,116888000
2021-05-12,411.230011,412.589996,404,405.410004,402.797577,134811000
2021-05-13,407.070007,412.350006,407.019989,410.279999,407.636169,106394000
2021-05-14,413.209991,417.48999,413.179993,416.579987,413.895569,82201600
2021-05-17,415.390015,416.390015,413.359985,415.519989,412.842407,65129200
2021-05-18,415.799988,416.059998,411.769989,411.940002,409.285492,59810200
2021-05-19,406.920013,411.049988,405.329987,410.859985,408.212433,106467100
2021-05-20,411.799988,416.630005,411.670013,415.279999,412.603973,78022200
2021-05-21,416.869995,418.200012,414.450012,414.940002,412.266144,76578700
2021-05-24,417.339996,420.320007,417.079987,419.170013,416.468903,51376700
2021-05-25,420.329987,420.709991,417.619995,418.23999,415.544891,57451400
2021-05-26,418.869995,419.609985,417.76001,419.070007,416.369537,43088600
2021-05-27,420.170013,420.720001,418.98999,419.290009,416.588104,56707700
2021-05-28,420.970001,421.25,419.790009,420.040009,417.333282,58520200
2021-06-01,422.570007,422.720001,419.200012,419.670013,416.965698,54216600
2021-06-02,420.369995,421.230011,419.290009,420.329987,417.621399,49097100
2021-06-03,417.850006,419.98999,416.279999,418.769989,416.071472,58138800
2021-06-04,420.75,422.920013,418.839996,422.600006,419.876801,55938800
2021-06-07,422.589996,422.779999,421.190002,422.190002,419.469452,51555000
2021-06-08,423.109985,423.209991,420.320007,422.279999,419.558868,47134300
2021-06-09,423.179993,423.26001,421.410004,421.649994,418.932892,48436300
2021-06-10,422.959991,424.630005,421.549988,423.609985,420.88028,51020100
2021-06-11,424.200012,424.429993,422.820007,424.309998,421.575775,45570800
2021-06-14,424.429993,425.369995,423.100006,425.26001,422.519653,42358500
2021-06-15,425.420013,425.459991,423.540009,424.480011,421.74469,51508500
2021-06-16,424.630005,424.869995,419.920013,422.109985,419.389923,80386100
2021-06-17,421.670013,423.019989,419.320007,421.970001,419.250854,90949700
2021-06-18,417.089996,417.829987,414.700012,414.920013,413.595001,118676300
2021-06-21,416.799988,421.059998,415.929993,420.859985,419.515991,72822000
2021-06-22,420.850006,424,420.079987,423.109985,421.75882,57700300
2021-06-23,423.190002,424.049988,422.51001,422.600006,421.250458,49445400
2021-06-24,424.890015,425.549988,424.619995,425.100006,423.742462,45110300
2021-06-25,425.899994,427.089996,425.549988,426.609985,425.24762,58129500
2021-06-28,427.170013,427.649994,425.890015,427.470001,426.104889,53159600
2021-06-29,427.880005,428.559998,427.130005,427.700012,426.334167,35970500
2021-06-30,427.209991,428.779999,427.179993,428.059998,426.693024,64827900
2021-07-01,428.869995,430.600006,428.799988,430.429993,429.05545,53441000
2021-07-02,431.670013,434.100006,430.519989,433.720001,432.33493,57697700
2021-07-06,433.779999,434.01001,430.01001,432.929993,431.547455,68710400
2021-07-07,433.660004,434.76001,431.51001,434.459991,433.072571,63549500
2021-07-08,428.779999,431.730011,427.519989,430.920013,429.543884,97595200
2021-07-09,432.529999,435.839996,430.709991,435.519989,434.129181,76238600
2021-07-12,435.429993,437.350006,434.970001,437.079987,435.684204,52889600
2021-07-13,436.23999,437.839996,435.309998,435.589996,434.198975,52911300
2021-07-14,437.399994,437.920013,434.910004,436.23999,434.846893,64130400
2021-07-15,434.809998,435.529999,432.720001,434.75,433.361664,55126400
2021-07-16,436.01001,436.059998,430.920013,431.339996,429.962524,75874700
2021-07-19,426.190002,431.410004,421.970001,424.970001,423.612885,147987000
2021-07-20,425.679993,432.420013,424.829987,431.059998,429.683441,99608200
2021-07-21,432.339996,434.700012,431.01001,434.549988,433.162292,64724400
2021-07-22,434.73999,435.720001,433.690002,435.459991,434.069366,47878500
2021-07-23,437.519989,440.299988,436.790009,439.940002,438.535095,63766600
2021-07-26,439.309998,441.029999,439.26001,441.019989,439.611633,43719200
2021-07-27,439.910004,439.940002,435.98999,439.01001,437.608063,67397100
2021-07-28,439.679993,440.299988,437.309998,438.829987,437.428619,52472400
2021-07-29,439.820007,441.799988,439.809998,440.649994,439.242798,47435300
2021-07-30,437.910004,440.059998,437.769989,438.51001,437.10965,68890600
2021-08-02,440.339996,440.929993,437.209991,437.589996,436.192566,58783300
2021-08-03,438.440002,441.279999,436.100006,441.149994,439.741211,58053900
2021-08-04,439.779999,441.119995,438.730011,438.980011,437.578156,46732200
2021-08-05,440.220001,441.850006,439.880005,441.76001,440.349274,38969700
2021-08-06,442.100006,442.940002,441.799988,442.48999,441.076935,46864100
2021-08-09,442.459991,442.799988,441.309998,442.130005,440.718079,41222600
2021-08-10,442.609985,443.440002,441.880005,442.679993,441.266327,43339300
2021-08-11,443.820007,443.880005,442.619995,443.779999,442.362823,44034300
2021-08-12,443.619995,445.26001,442.660004,445.109985,443.688568,38909400
2021-08-13,445.589996,445.940002,445.070007,445.920013,444.496002,39388300
2021-08-16,444.529999,447.109985,442.869995,446.970001,445.542633,73740000
2021-08-17,444.23999,444.959991,440.850006,444.040009,442.622009,92673900
2021-08-18,442.959991,444.630005,438.920013,439.179993,437.777496,89351900
2021-08-19,436.269989,441.140015,436.119995,439.859985,438.455322,92812200
2021-08-20,440.230011,443.709991,439.709991,443.359985,441.944153,71975900
2021-08-23,445.160004,448.230011,443.440002,447.26001,445.831726,54973000
2021-08-24,447.970001,448.540009,447.420013,447.970001,446.539429,38744700
2021-08-25,448.170013,449.459991,447.769989,448.910004,447.47644,40529700
2021-08-26,448.609985,448.859985,446.160004,446.26001,444.8349,57829600
2021-08-27,447.119995,450.649994,447.059998,450.25,448.812164,77201900
2021-08-30,450.970001,453.070007,450.709991,452.230011,450.785828,48357400
2021-08-31,452.130005,452.48999,450.920013,451.559998,450.117981,59300200
2021-09-01,452.559998,453.109985,451.549988,451.799988,450.357178,48721400
2021-09-02,453.320007,454.049988,451.910004,453.190002,451.742767,42501000
2021-09-03,451.980011,453.630005,451.549988,453.079987,451.633118,47170500
2021-09-07,452.709991,452.809998,450.73999,451.459991,450.01828,51671500
2021-09-08,450.890015,451.670013,448.859985,450.910004,449.470062,56181900
2021-09-09,450.700012,452.570007,448.720001,448.980011,447.546234,57970400
2021-09-10,451.040009,451.48999,445.309998,445.440002,444.017517,89848000
2021-09-13,448.640015,448.920013,444.109985,446.579987,445.15387,83738600
2021-09-14,448.119995,448.339996,443.220001,444.170013,442.751587,78197100
2021-09-15,444.619995,448.410004,443.440002,447.880005,446.449738,78792200
2021-09-16,447.320007,448.359985,444.019989,447.170013,445.742004,77786700
2021-09-17,444.920013,445.369995,441.019989,441.399994,441.399994,118425000
2021-09-20,434.880005,436.559998,428.859985,434.040009,434.040009,166445500
2021-09-21,436.529999,437.910004,433.070007,433.630005,433.630005,92526100
2021-09-22,436.049988,440.029999,433.75,437.859985,437.859985,102350100
2021-09-23,439.850006,444.890015,439.600006,443.179993,443.179993,76396000
2021-09-24,441.440002,444.670013,441.209991,443.910004,443.910004,62094800
2021-09-27,442.809998,444.049988,441.899994,442.640015,442.640015,61371100
2021-09-28,439.690002,440.040009,432.940002,433.720001,433.720001,130436300
2021-09-29,435.190002,437.040009,433.850006,434.450012,434.450012,82329200
2021-09-30,436.019989,436.769989,428.779999,429.140015,429.140015,140181200
2021-10-01,430.980011,436.029999,427.230011,434.23999,434.23999,129240100
2021-10-04,433,433.959991,426.359985,428.640015,428.640015,128570000
2021-10-05,430.23999,435.48999,429.390015,433.100006,433.100006,90682500
2021-10-06,429.269989,435.119995,427.540009,434.899994,434.899994,113032200
2021-10-07,438.390015,441.679993,438.200012,438.660004,438.660004,72437500
2021-10-08,439.480011,439.890015,437.190002,437.859985,437.859985,74492900
2021-10-11,437.160004,440.26001,434.619995,434.690002,434.690002,65233300
2021-10-12,435.670013,436.100006,432.779999,433.619995,433.619995,71181200
2021-10-13,434.709991,436.049988,431.540009,435.179993,435.179993,72974000
2021-10-14,439.079987,442.660004,438.579987,442.5,442.5,70236800
2021-10-15,444.75,446.26001,444.089996,445.869995,445.869995,66226800
2021-10-18,443.970001,447.549988,443.269989,447.190002,447.190002,62213200
2021-10-19,448.920013,450.709991,448.269989,450.640015,450.640015,46996800
2021-10-20,451.130005,452.730011,451.01001,452.410004,452.410004,49571600
2021-10-21,451.769989,453.829987,451.309998,453.589996,453.589996,41305400
2021-10-22,453.130005,454.670013,451.049988,453.119995,453.119995,58845100
2021-10-25,454.279999,455.899994,452.390015,455.549988,455.549988,45214500
2021-10-26,457.200012,458.48999,455.559998,455.959991,455.959991,56075100
2021-10-27,456.450012,457.160004,453.859985,453.940002,453.940002,72438000
2021-10-28,455.459991,458.399994,455.450012,458.320007,458.320007,51437900
2021-10-29,455.869995,459.559998,455.559998,459.25,459.25,70108200
2021-11-01,460.299988,460.700012,458.200012,460.040009,460.040009,48433600
2021-11-02,460.220001,462.230011,460.079987,461.899994,461.899994,48908400
2021-11-03,461.299988,465.149994,460.829987,464.720001,464.720001,52509800
2021-11-04,465.359985,467,464.98999,466.910004,466.910004,52847100
2021-11-05,469.279999,470.649994,466.920013,468.529999,468.529999,66332200
2021-11-08,469.700012,470.230011,468.200012,468.929993,468.929993,50405200
2021-11-09,469.320007,469.570007,465.880005,467.380005,467.380005,51149100
2021-11-10,465.579987,467.380005,462.040009,463.619995,463.619995,69429700
2021-11-11,465.209991,465.290009,463.75,463.769989,463.769989,34848500
2021-11-12,465.119995,467.859985,464.109985,467.269989,467.269989,53423300
2021-11-15,468.640015,468.809998,466.230011,467.429993,467.429993,46980500
2021-11-16,467.149994,470.48999,467.070007,469.279999,469.279999,48857500
2021-11-17,469,469.190002,467.480011,468.140015,468.140015,47858300
2021-11-18,469.23999,470.01001,466.339996,469.730011,469.730011,50625600
2021-11-19,469.609985,470.940002,468.5,468.890015,468.890015,57288900
2021-11-22,470.890015,473.540009,467.350006,467.570007,467.570007,72762000
2021-11-23,467.220001,469.100006,464.450012,468.190002,468.190002,73206500
2021-11-24,466.059998,469.570007,465.190002,469.440002,469.440002,61858800
